# Blender v2.82 (sub 7) OBJ File: ''
# www.blender.org
mtllib rock4.mtl
o Rock.Landscape.Style_1_Rock.Landscape.Style_1.Mesh
v -0.067061694 -0.035308277 -0.087668295
v -0.057566538 -0.041994558 -0.087268137
v -0.065042994 -0.052988303 -0.083123223
v -0.075353018 -0.031498256 -0.086546138
v -0.08651346 -0.057492538 0.040179732
v -0.10160061 -0.049826983 0.037507122
v -0.12222119 -0.043284998 0.028586673
v -0.09680082 -0.057483894 0.032563127
v -0.10888382 -0.054821167 0.023604045
v -0.080132791 -0.064031264 0.037736443
v -0.080608005 -0.065644952 0.034036844
v 0.11018493 -0.051199539 0.041510035
v 0.11145456 -0.043034776 0.047483052
v 0.10385842 -0.051991036 0.047510039
v 0.10546734 -0.059283949 0.037188549
v 0.09764065 -0.061093176 0.042965674
v 0.10203173 -0.068335904 0.025454108
v -0.069561342 -0.071475438 0.01773096
v -0.082464684 -0.066918812 0.022755659
v -0.068064253 -0.070329381 0.023311048
v -0.083946516 -0.068494046 0.016293845
v -0.094477129 -0.063449591 0.018528985
v -0.092488151 -0.07016868 0.010281582
v -0.14823091 0.051442792 0.013926671
v -0.13990201 0.057346127 0.022044422
v -0.1394933 0.045586021 0.030987363
v -0.14161457 0.06088732 0.013815011
v -0.13302822 0.06138335 0.026306199
v -0.13108916 0.069592211 0.019417326
v -0.12862964 0.066384854 0.024957812
v -0.14750106 0.040003906 0.024916006
v -0.081684121 0.071186761 -0.080307027
v -0.061617166 0.073415816 -0.082515089
v -0.08926624 0.067118052 -0.080852362
v 0.036639729 -0.0498478 -0.082892406
v 0.002061917 -0.041428057 -0.086427068
v 0.04772679 -0.048071914 0.07266511
v 0.040933966 -0.060651299 0.066191125
v 0.030896562 -0.051039632 0.073255865
v 0.023752881 -0.067523326 0.062801281
v 0.014895758 -0.061518208 0.066437022
v 0.038064233 -0.071048732 0.05689865
v 0.017033615 -0.073596536 0.057296165
v 0.048528785 -0.079841555 0.035847216
v 0.040609482 -0.077924726 0.041607231
v 0.034350877 -0.073802569 0.053987464
v 0.015392231 -0.079976324 0.041803562
v 0.018505127 -0.077025186 0.050878096
v 0.029190616 0.079860344 -0.079410396
v 0.031610621 0.073229275 -0.082741407
v 0.11377658 -0.048259866 -0.056191823
v 0.13551093 -0.042678013 -0.045973791
v 0.12259392 -0.063840048 -0.042771988
v 0.14096922 -0.045726524 -0.040697634
v 0.11916756 -0.06044465 -0.047666945
v 0.12329678 -0.067680232 -0.037091881
v 0.099734494 -0.071706606 -0.052489052
v 0.10752432 -0.076960622 -0.041328083
v 0.14404639 -0.048550833 -0.035126014
v -0.083604214 -0.094430823 -0.054123996
v -0.088871107 -0.10316535 -0.044611556
v -0.099979951 -0.1023944 -0.038637835
v -0.10506066 -0.095701947 -0.04575435
v -0.12010874 -0.091464952 -0.039960025
v -0.11897723 -0.08565493 -0.048077248
v -0.12934697 -0.083676097 -0.042280014
v -0.15298669 0.056179696 -0.047896881
v -0.16171548 0.050269037 -0.041365745
v -0.155814 0.060492365 -0.041851191
v -0.1444619 0.068554903 -0.0479939
v -0.1499717 0.070931866 -0.039891936
v -0.12587519 0.087029426 -0.027748606
v -0.13913194 0.081245685 -0.029697628
v -0.13650538 0.08288654 -0.032609961
v -0.12211429 0.088861759 -0.037399786
v -0.1433999 0.076722484 -0.025938145
v -0.14519563 0.076836702 -0.037687139
v -0.13282192 0.083970947 -0.038997422
v 0.035122001 -0.10388047 -0.046149659
v 0.043510874 -0.1049789 -0.040643923
v 0.043983974 -0.090622389 -0.056665366
v 0.027744946 -0.093715263 -0.057346878
v 0.021851663 -0.11195333 -0.039255668
v 0.0093763509 -0.10852503 -0.046799597
v 0.044403891 -0.10690472 -0.033789799
v 0.044166281 0.11225452 -0.027673284
v 0.053820813 0.11072171 -0.035956496
v 0.03850073 0.11433258 -0.037191724
v 0.029787018 0.11472727 -0.028750459
v 0.028167948 0.11594151 -0.036305323
v 0.01708918 0.11536478 -0.028011263
v 0.0090750631 0.11687562 -0.035217124
v 0.013324757 0.11624359 -0.039205044
v -0.077724778 0.031941279 -0.091505216
v -0.093614276 0.038937846 -0.088641129
v -0.094471041 0.017365596 -0.089229416
v -0.11744804 0.013348571 -0.084981839
v -0.11497158 0.03392417 -0.084104612
v -0.12888957 0.01968426 -0.081772631
v -0.13091356 0.050148646 0.033804087
v -0.13747698 0.035462186 0.037076094
v -0.12378161 0.030994551 0.044888942
v -0.14357876 0.025313475 0.035950323
v -0.13244751 0.018847339 0.045710337
v -0.13915011 0.009453966 0.042993369
v -0.11658854 0.015475931 0.052535974
v 0.12892061 0.042975773 0.038397492
v 0.13232774 0.033936606 0.046721717
v 0.12576379 0.036318158 0.051087392
v 0.14631531 0.022126227 0.040131398
v 0.13896639 0.019423279 0.053148781
v 0.13191726 0.016602233 0.060533244
v 0.14146093 0.012605582 0.054677535
v -0.15470243 0.0046876903 0.023630329
v -0.16486648 0.010884201 0.011811041
v -0.14551394 0.013262136 0.036881526
v 0.057531259 0.038989089 -0.08865683
v 0.054958227 0.030328384 -0.089657535
v 0.028800071 0.035541124 -0.090604705
v 0.031777229 0.046780239 -0.089306149
v 0.050384844 0.037611949 0.070855176
v 0.035424701 0.049480008 0.061987471
v 0.028170418 0.031863841 0.076830575
v 0.065932656 0.026192026 0.076802966
v 0.01852312 0.024518184 0.081535109
v 0.047358647 0.019580362 0.084613873
v 0.037749274 0.012924157 0.089457148
v 0.058366417 0.012584238 0.086580448
v 0.01224423 0.050607195 0.059449542
v 0.081675127 0.013379882 0.080323607
v 0.15109447 0.04357623 -0.045656892
v 0.12427958 0.050956549 -0.058243774
v 0.14489293 0.054224767 -0.03973159
v 0.15450089 0.03423322 -0.050207872
v 0.16398194 0.037616533 -0.038493629
v 0.16753724 0.030216283 -0.042050609
v 0.16491208 0.026661421 -0.046653979
v 0.15869387 0.021274665 -0.053014189
v -0.16041067 -0.0010530083 -0.055090305
v -0.1701108 -0.0013437122 -0.045236182
v -0.1736011 -0.0028722897 -0.039394582
v -0.16667315 0.0060253169 -0.050137666
v -0.1739987 0.0069692228 -0.041169676
v -0.17356379 0.018689551 -0.039989486
v -0.078162776 -0.012128073 -0.088325023
v -0.089378075 -0.011285507 -0.086354834
v -0.071736859 -0.0080228486 -0.089397703
v -0.13648527 -0.010450174 0.038630515
v -0.14299356 -0.018133456 0.027907982
v -0.12590174 -0.01715233 0.042621874
v -0.11937104 0.0020412784 0.052295631
v -0.11852362 -0.01983217 0.044935775
v 0.14286162 -0.0064778659 0.040196928
v 0.13913732 -0.0021770167 0.053284874
v 0.13341779 -0.0028782872 0.058556351
v 0.12546506 -0.017065543 0.051537648
v 0.11943525 -0.018754378 0.055683181
v 0.12949408 -0.020291863 0.041055723
v 0.12522366 -0.001710091 0.06454868
v 0.053572797 -0.0033464477 -0.089465083
v 0.052028167 -0.014622606 -0.088368507
v 0.034927346 -0.0074862457 -0.090407755
v 0.01419387 -0.014240351 -0.089393381
v 0.0045230229 -0.0054307672 -0.091024796
v 0.039437579 -0.0056924536 0.09048149
v 0.025291425 -0.010501947 0.090277573
v 0.038031512 -0.021258789 0.084549664
v 0.051851417 -0.022635488 0.080437474
v 0.030744771 -0.036644581 0.079801557
v 0.012274307 -0.011559983 0.088964381
v 0.021380327 -0.044291086 0.076508912
v 0.096973867 -0.014259843 0.068341416
v 0.14804648 0.0056390051 -0.057443546
v 0.16168276 -0.0072455506 -0.041510035
v 0.1659254 -0.0091713762 -0.036007036
v 0.15273241 -0.0095022109 -0.046879328
v 0.13226944 -0.015371151 -0.055893798
v -0.14442997 -0.037380778 0.015013283
v -0.14261395 -0.032098538 0.021309106
v -0.15042857 -0.02782362 0.016430553
v -0.15220824 -0.031773878 0.010332384
v -0.15537724 -0.019001247 0.014223196
v -0.14821653 -0.055170171 -0.04771387
v -0.1497646 -0.041974626 -0.051931194
v -0.15335192 -0.056006915 -0.041675585
v -0.15881753 -0.038628618 -0.045714925
v -0.16186727 -0.041486178 -0.039480224
v -0.16234258 -0.022021887 -0.047979525
v -0.16670861 -0.023227921 -0.042458969
v -0.1349095 -0.055216388 -0.055496991
v -0.16921469 -0.024393824 -0.037287685
v 0.14055389 -0.047855032 -0.003066107
v 0.13636796 -0.056859183 -0.011717727
v 0.12462779 -0.057455673 0.0063048636
v 0.10996761 -0.072278225 0.0033009811
v 0.11144962 -0.063457439 0.018252834
v 0.11702953 -0.072461063 -0.01222346
v 0.10205095 -0.080443251 -0.007236951
v -0.088640028 -0.094084202 -0.010202467
v -0.073569281 -0.095948374 -0.0048198566
v -0.093999707 -0.084276558 -0.0011760018
v -0.10155695 -0.088209439 -0.011139935
v -0.073393855 -0.089885928 0.0010215653
v -0.16142945 0.05587982 -0.025950581
v -0.16005223 0.047076059 -0.0066975259
v -0.15095432 0.061503918 -0.014298959
v -0.14746261 0.059610727 -0.0034434225
v -0.13415037 0.075634903 -0.011130585
v 0.042813575 -0.098495917 0.0054866411
v 0.043086108 -0.094267567 0.016277352
v 0.022184262 -0.10238188 0.0092214291
v 0.026109383 -0.095968398 0.021024312
v 0.014359508 -0.098739963 0.019152288
v -0.11784705 0.081163218 0.0085058706
v -0.11994901 0.083765796 -0.0078764822
v -0.12313767 0.078877366 0.0086895892
v -0.12767921 0.079968034 -0.0094439555
v -0.12917912 0.074824795 0.0097739081
v -0.13103554 0.075823736 -0.0047852826
v 0.039338886 0.10263439 0.0031425756
v 0.029601712 0.10849151 -0.012043005
v 0.058982399 0.10258473 0.0005456433
v 0.1487975 0.057827079 -0.0047711707
v 0.14690166 0.054493859 0.0044565647
v 0.14782052 0.044536629 0.01625883
v 0.16282344 0.044896131 -0.0075732541
v 0.15992566 0.040222286 0.0069443067
v 0.16782715 0.035443044 -0.001211987
v 0.16456264 0.030619264 0.011901092
v 0.17367677 0.025285957 -0.0025138929
v 0.16987398 0.026622878 0.0065230681
v 0.15559165 0.053834572 -0.014412207
v -0.17436561 0.00040059999 -0.013390333
v -0.17055452 0.0015036171 -0.00096626449
v -0.17545654 0.010226942 -0.014855672
v -0.17154738 0.0078425698 -0.00099069562
v -0.17059448 0.014728709 0.00031720782
v 0.17166566 0.0098508617 0.0073539031
v 0.16346438 -0.01258362 0.0064430714
v 0.1605913 -0.0067203252 0.019613921
v 0.16864422 -0.011387377 -0.010789167
v 0.15650557 -0.01698484 0.015307603
v -0.15343492 -0.050786589 -0.019615509
v -0.14702223 -0.044130562 -0.00020378386
v -0.15674 -0.032673155 -0.0012971873
v -0.16441137 -0.029645635 -0.013880455
v -0.14002637 -0.050248136 0.00084269765
v -0.12110494 0.07651848 -0.055879335
v -0.078752122 0.075100152 -0.075929179
v -0.091194714 0.070823294 -0.074882435
v -0.10244838 0.065493865 -0.074446996
v -0.1149954 0.060790478 -0.071786998
v -0.066891734 0.076309187 -0.079350686
v 0.041151287 0.093715263 -0.063747659
v 0.052536635 0.087272501 -0.069585111
v 0.029822121 0.085265886 -0.073790616
v 0.095107043 -0.039833153 -0.075563065
v 0.091713762 -0.050181455 -0.070835421
v 0.083235278 -0.04963965 -0.076933151
v 0.077716931 -0.059435564 -0.073005381
v 0.094827102 -0.055732704 -0.065235045
v -0.06788556 -0.075782372 -0.075167406
v -0.073988844 -0.080095834 -0.071685308
v -0.076857873 -0.071986373 -0.076081148
v -0.081898005 -0.076545119 -0.072284268
v -0.083249391 -0.081013543 -0.068292289
v -0.083204232 -0.071979407 -0.074120923
v -0.079395445 -0.059460876 -0.079559363
v -0.12783779 0.041521635 -0.076210005
v -0.12219103 0.048163817 -0.076770865
v -0.11609145 0.054627042 -0.076292823
v 0.028698377 -0.075091331 -0.074750929
v 0.047967044 -0.076057995 -0.071885872
v 0.034328915 -0.081447042 -0.070227201
v 0.0020022062 -0.078888126 -0.073867264
v 0.11262249 0.021145012 -0.075800322
v 0.11838744 0.033973561 -0.069736813
v 0.14129352 0.021640691 -0.061977149
v 0.091444667 0.045514757 -0.077622337
v 0.11020566 -0.017371329 -0.073375463
v 0.1268654 -0.0037257035 -0.065823333
v 0.11725329 -0.010273511 -0.069838331
v -0.10343259 -0.030551527 -0.077625689
v -0.11261332 -0.033601979 -0.072597903
v -0.13234079 -0.010369207 -0.075174637
v -0.067521917 -0.027119262 -0.088787362
v -0.086294196 -0.017604527 -0.085683109
v 0.011226767 -0.021602765 -0.08849613
v -0.0026149249 -0.033756063 -0.087693962
v -0.022642103 -0.030244595 -0.088057074
v -0.035421261 -0.017012623 -0.087093147
v -0.0080084723 -0.052616543 -0.083682667
v -0.042918268 -0.043851588 -0.087139718
v -0.052779449 -0.03515243 -0.088943476
v -0.0029475234 -0.06246661 0.061466125
v -0.01308662 -0.049928766 0.063955809
v -0.033643609 -0.058797267 0.052289015
v -0.038422146 -0.067631105 0.046480139
v -0.00072870039 -0.071330439 0.056498049
v -0.039578344 -0.072034619 0.043015329
v -0.0072788896 -0.0752261 0.050849786
v 0.0083055265 -0.048188864 0.072094375
v -0.12675806 -0.0341519 0.032481014
v 0.11635886 -0.05161963 0.026337598
v 0.14938905 -0.019595355 0.022312459
v 0.12976371 -0.03308769 0.028328427
v 0.12178584 -0.036373546 0.035048046
v 0.12227605 -0.024949478 0.047779665
v 0.10281837 -0.042852558 0.054596569
v -0.070985227 -0.076935399 0.010782817
v -0.06928087 -0.074096446 0.01414514
v 0.00062586035 -0.096288206 0.022285823
v 0.0088554474 -0.083294812 0.035470784
v -0.0091116657 -0.08474357 0.031067359
v -0.023949742 -0.097941939 0.016348087
v -0.03027811 -0.085091869 0.024900924
v -0.034746979 -0.080830002 0.02720142
v -0.03961733 -0.098086849 0.011235454
v -0.0045876726 -0.080521308 0.037504567
v -0.020120228 -0.079690914 0.034411161
v -0.010430858 -0.10164947 0.014453396
v 0.00057655706 -0.077464326 0.049040559
v -0.023625169 -0.076788988 0.041863272
v -0.034826799 -0.077859459 0.031712535
v -0.065574835 -0.069839609 0.036592853
v -0.15164677 0.052058774 0.004894914
v -0.13597336 0.067852663 0.012275409
v -0.16778728 0.022002924 0.0031837646
v -0.16456952 0.015853688 0.011782112
v -0.16099507 0.023098092 0.01452272
v -0.16446976 0.031466239 0.0030198026
v -0.15572712 0.035538211 0.015272853
v -0.1578917 0.041546685 0.00614196
v 0.0042904421 0.081274792 -0.07816582
v -0.02636763 0.083846939 -0.074318312
v -0.035989263 0.076903294 -0.080899899
v -0.052432385 0.078856284 -0.079096407
v 0.029194673 -0.028596243 -0.087070305
v 0.087638881 -0.031630201 -0.080820961
v 0.089849413 -0.017336049 -0.083183196
v 0.071469087 -0.030996668 -0.083118724
v 0.06677152 -0.050826279 -0.081638655
v 0.088930202 -0.052370997 0.055811157
v 0.068362983 -0.047854855 0.066840798
v 0.055617251 -0.061522087 0.06093896
v 0.087948371 -0.062412018 0.046886474
v 0.10925893 -0.02365207 0.059544444
v 0.11077437 -0.015832079 0.062359581
v 0.091361056 -0.019608762 0.067935877
v 0.094933646 -0.03937196 0.060319187
v 0.079863165 -0.037437844 0.067192449
v 0.048813929 -0.03942576 0.076230557
v 0.043577997 -0.08868404 0.025263157
v 0.027274933 -0.082636141 0.03624129
v 0.093724261 -0.071841286 0.027777006
v 0.07309777 -0.080671067 0.024750016
v 0.083029865 -0.068947037 0.040208396
v 0.083112151 0.079923495 -0.06926292
v 0.074948099 0.08174683 -0.07179732
v 0.073476496 0.076678387 -0.076242376
v 0.059357773 0.079132876 -0.078983952
v 0.065210395 0.076868191 -0.07959923
v 0.065136307 0.071707576 -0.081789387
v 0.057440679 0.075812448 -0.081216886
v 0.10271615 -0.050940146 -0.062431022
v 0.12199029 -0.020040584 -0.060886658
v 0.10811279 -0.037904679 -0.064775442
v 0.15106192 -0.030280492 -0.040433391
v 0.15572095 -0.031443484 -0.035197632
v -0.067588066 -0.088466981 -0.062662633
v 0.017102939 -0.084394478 -0.069215028
v 0.010992686 -0.093589138 -0.0598983
v -0.0070602444 -0.083949957 -0.069990299
v -0.012505741 -0.096653967 -0.057777113
v -0.034027804 -0.097483833 -0.05682968
v -0.048595727 -0.082004284 -0.0704275
v -0.0038053472 -0.11455035 -0.040766519
v -0.024909964 -0.11043057 -0.046793424
v -0.033997463 -0.11508386 -0.040953059
v -0.0050191423 -0.116455 -0.03566685
v -0.035720344 -0.11687562 -0.036142948
v -0.1367212 0.051677401 -0.063565175
v -0.12992864 0.058689488 -0.064183363
v -0.16619502 0.017027088 -0.049865219
v -0.13293437 0.028530711 -0.077817875
v -0.16203961 0.038010696 -0.047479966
v -0.16828252 0.031925404 -0.042360276
v -0.021933335 0.10510776 -0.009091953
v -0.051841011 0.099762719 -0.0052112839
v 0.00081619385 0.11509109 -0.02858879
v -0.02388174 0.11265636 -0.029843068
v -0.019994897 0.11398772 -0.035604052
v -0.040745925 0.10986883 -0.030711388
v -0.04790116 0.10792034 -0.039846866
v -0.072145927 0.1033526 -0.035039579
v -0.011875911 0.11424615 -0.039960025
v 0.053082058 -0.079400825 -0.067317516
v 0.096496799 -0.078045029 -0.048860281
v 0.063370211 -0.07302148 -0.069668547
v 0.068840755 -0.082443517 -0.056917085
v 0.08354468 -0.087990089 -0.044097619
v 0.096159437 -0.085707232 -0.036061543
v 0.078817917 -0.086284759 -0.048757878
v 0.077428077 -0.093180866 -0.038616491
v 0.056758901 0.10614559 -0.01352713
v 0.04417678 0.10793745 -0.013877809
v 0.094633769 0.093727259 -0.0044440407
v 0.083266767 0.09839881 -0.0023930602
v 0.072977468 0.10314127 -0.015149904
v 0.07285725 0.10475752 -0.028525816
v 0.060573773 0.10836645 -0.027406306
v 0.087508961 0.0986896 -0.022553242
v 0.094559065 0.094574763 -0.032754871
v 0.077557112 0.10276748 -0.034659265
v 0.10912231 0.087557649 -0.020312105
v -0.074885036 0.068271695 -0.083680904
v -0.07470273 0.050270804 -0.089461204
v -0.089219583 0.057001888 -0.085092708
v -0.10872956 0.046982477 -0.082833134
v 0.0045548625 0.062736237 -0.085616344
v -0.026915434 0.044104542 -0.088846634
v -0.029945159 0.06144368 -0.085728002
v -0.027848227 0.071903113 -0.082823963
v -0.042780147 0.020377945 -0.091959266
v 0.0016758698 0.035796196 0.069837007
v -0.032977089 0.030648546 0.063605393
v 0.00017860304 0.022460677 0.079224029
v -0.0017790627 0.012933859 0.08437415
v -0.048979744 0.018334815 0.066132031
v 0.019517299 0.070093887 0.041677613
v -0.047690275 0.093065502 0.0095694627
v -0.022261877 0.075016715 0.030118602
v -0.05754043 0.082148932 0.018604924
v -0.039974888 0.056166114 0.042415576
v -0.10251197 0.078650077 0.016073877
v -0.12487933 0.070216749 0.022650349
v -0.11748023 0.044672368 0.039540639
v 0.13711121 0.037321421 0.034361769
v 0.12183126 0.062290654 0.020237929
v 0.15538641 0.030750063 0.023319604
v 0.16311749 0.021452386 0.023180249
v 0.089879312 0.091339889 0.013554383
v 0.097274005 0.084745248 0.016539568
v 0.10658068 0.084770383 0.0024798481
v 0.11519199 0.074555965 0.010540622
v 0.11113704 0.070524299 0.021549449
v 0.10795376 0.071882916 0.025515142
v 0.095041952 0.085477561 0.026082967
v 0.086833534 0.090822865 0.024842977
v 0.096467869 0.078918819 0.032769954
v 0.10500148 0.073309095 0.031992038
v 0.1050155 0.069252028 0.036766077
v 0.087095398 0.092496441 0.02132904
v -0.16534055 0.0040935817 0.0098719854
v -0.15580562 -0.02477352 0.01082771
v -0.16120058 -0.0053661175 0.010905325
v -0.14957145 -0.0083670894 0.024217293
v 0.043557884 0.060908576 -0.086246616
v 0.055323371 0.056588941 -0.086364713
v 0.071410612 0.068409904 -0.081168467
v 0.068598738 0.047495356 -0.085820437
v 0.085525368 0.042262507 -0.081627455
v 0.085396421 0.02643713 -0.084840896
v 0.095136238 0.00636356 -0.084259051
v 0.10516817 0.054935031 0.047022387
v 0.080500668 0.057915188 0.049714309
v 0.11876317 0.025175443 0.062228518
v 0.09471544 0.023855545 0.071179133
v 0.11741443 0.015271221 0.068030867
v 0.084586575 0.088648937 0.027349417
v 0.068642662 0.069947742 0.041502981
v 0.057825227 0.080195411 0.033080591
v 0.048292852 0.092560828 0.020309282
v 0.11683214 0.044221585 -0.066857643
v 0.14012515 0.030619617 -0.059861873
v 0.087970862 0.075480113 -0.070258598
v 0.093138971 0.081249653 -0.056810364
v 0.09674552 0.066310766 -0.069683541
v 0.11125646 0.063379648 -0.058752947
v 0.10424544 0.063948004 -0.064804017
v 0.11185542 0.078827973 -0.041920954
v 0.098507998 0.089442108 -0.040383822
v 0.11720919 0.067438569 -0.049972028
v -0.14259014 -0.013538904 -0.066542511
v -0.14444752 -0.025205431 -0.060527336
v -0.15124343 -0.012046312 -0.060240511
v -0.079316418 0.0010283125 -0.090175968
v -0.10751568 0.00062700691 -0.085883677
v -0.13232042 0.0091106955 -0.08115559
v -0.009037931 0.0078268704 -0.092736122
v -0.020565368 0.001510673 -0.092562987
v -0.05735486 0.0018901934 -0.092132313
v -0.03301572 -0.01294162 -0.087456617
v -0.010255783 -0.012103289 0.081832869
v -0.044617421 -0.0088503319 0.068840447
v 0.0032937046 -0.020484401 0.083234882
v -0.056882906 -0.005669169 0.066046742
v -0.006688309 0.0039642819 0.085932361
v 0.015459879 0.0091527665 0.090159742
v -0.039808545 0.0070839697 0.073289294
v 0.010074623 -0.00039486705 0.091016948
v -0.039609567 0.00043067588 0.073725525
v -0.0042579848 -0.0044392338 0.086377236
v -0.1312511 0.0034949748 0.047581657
v -0.14591463 0.0041690802 0.035579356
v -0.13932907 0.0016133367 0.041303298
v 0.15707577 -0.0032134435 0.02774349
v 0.14833305 0.00078558878 0.041310883
v 0.16125526 0.016049049 0.028444673
v 0.1493595 0.013622429 0.042470964
v 0.16191375 0.010450527 0.028927475
v 0.15006034 0.0072491667 0.042778072
v 0.1624388 0.0058350715 0.027100079
v 0.1686945 0.0084825418 0.016907093
v 0.13894099 0.0074096889 0.058330825
v 0.14395052 0.0068781133 0.052487024
v 0.14110214 0.0023440657 0.055012514
v 0.13326336 0.0028523567 0.061921145
v 0.022999397 0.0010527437 -0.091842401
v 0.073090889 0.0050181721 -0.087489691
v 0.097992386 -0.0082240305 -0.082836221
v 0.075062317 -0.010756401 -0.086514915
v 0.12576829 0.007417715 0.066526897
v 0.098291647 0.0083328683 0.076776156
v 0.12119923 0.0023612645 0.068037483
v 0.096696478 0.0027685676 0.07711475
v 0.1050185 -0.0014790978 0.07281293
v 0.056344541 -0.0044566089 0.086944623
v 0.059680756 0.0057733324 0.088113786
v 0.057744435 0.00087705119 0.088412343
v 0.026119614 0.0064656948 0.09197426
v 0.040554444 0.0020869655 0.091978316
v 0.025789132 -0.00085976416 0.092736122
v 0.14588976 0.013512797 -0.06050167
v 0.16074044 0.010405634 -0.051161747
v 0.16885414 0.021039526 -0.045210778
v 0.17213726 0.026496224 -0.038243495
v 0.16329548 0.014962525 -0.050193759
v 0.16926585 0.012634952 -0.044522562
v 0.17532706 0.019297419 -0.035239967
v 0.17480369 0.012981751 -0.035181668
v 0.17163541 0.0095696832 -0.039568599
v -0.13987952 -0.043236575 0.012636937
v -0.10863651 -0.074323912 0.00027628347
v -0.11477622 -0.060571918 0.0098786884
v -0.11438841 -0.074427018 -0.0040003995
v -0.12885349 -0.0501064 0.013017163
v -0.11226581 -0.05622362 0.016942549
v -0.13169209 -0.028550732 -0.065972654
v -0.093165695 -0.068026414 -0.070383226
v -0.10593965 -0.071999251 -0.062452016
v -0.12817877 -0.073698758 -0.050843697
v -0.1082517 -0.062706953 -0.064842738
v -0.13870735 -0.070929307 -0.045767581
v -0.14238993 -0.07156681 -0.041590297
v -0.1388124 -0.077083572 -0.038723654
v -0.15420428 -0.05802588 -0.036773836
v 0.13073875 -0.063981255 -0.030217121
v 0.14156994 -0.054568917 -0.024947934
v 0.12756702 -0.066535145 -0.020500762
v 0.11054664 -0.078354873 -0.032887258
v 0.10497378 -0.081799221 -0.022436731
v 0.16355417 -0.023287984 -0.02825822
v 0.16143236 -0.029035209 -0.022235549
v 0.16235916 -0.025513334 -0.012273292
v 0.15096261 -0.043646701 -0.02871659
v 0.152515 -0.04187593 -0.018791201
v 0.15117526 -0.040172189 -0.0094331953
v 0.13776848 -0.035620501 0.016348617
v -0.078848702 -0.11105678 -0.033803029
v -0.090531279 -0.10619481 -0.031525818
v -0.10027365 -0.10010352 -0.027519289
v -0.11378937 -0.095648232 -0.035259548
v -0.12126705 -0.088909916 -0.029809641
v -0.13023751 -0.084599099 -0.035414776
v 0.0080095306 -0.1148265 -0.02668228
v 0.010093674 -0.10892722 -0.0084210232
v -0.020959353 -0.11659886 -0.028077412
v -0.019332611 -0.11035339 -0.010229192
v -0.046838094 -0.115177 -0.026816254
v -0.049562125 -0.10872753 -0.012829564
v -0.0021251557 -0.10523926 0.007380892
v -0.021381033 -0.10538488 0.0051902042
v -0.033972944 -0.10400227 0.0049332804
v -0.16544524 0.048556741 -0.03449204
v -0.15955284 0.059385732 -0.035692604
v -0.16637372 0.047551715 -0.027367145
v -0.15312119 0.06694536 -0.026611103
v -0.1512721 0.071281662 -0.033336632
v -0.17586578 0.019404669 -0.030966548
v -0.17355929 0.02787257 -0.022391485
v -0.176983 0.012284891 -0.025050069
v -0.17075897 0.034040946 -0.03633822
v -0.1709493 0.037077726 -0.028843156
v -0.16783544 0.04043423 -0.017375342
v -0.17285317 0.021766198 -0.011397564
v -0.16767721 0.033100038 -0.0063058339
v 0.045388986 -0.10546276 -0.021816075
v 0.021454944 -0.11329457 -0.032493097
v 0.028368425 -0.11045738 -0.023224349
v 0.081031274 -0.093304875 -0.030897576
v 0.081081986 -0.092498381 -0.019916356
v 0.083613916 -0.08790489 -0.0039057617
v 0.094980833 -0.078386978 0.011519543
v 0.082232103 -0.083087193 0.013049003
v -0.12416819 0.073682263 0.019348707
v -0.11334281 0.081177596 0.01133556
v -0.12531663 0.075933898 0.014579961
v -0.024690702 0.095849947 0.0092229285
v -0.011055396 0.10054716 0.0039355731
v -0.042241605 0.0974751 0.0041808545
v 0.035849291 0.098774095 0.010932667
v 0.014100203 0.10245173 0.0026013864
v 0.07846027 0.097156174 0.016620975
v 0.083143906 0.09567725 0.011998023
v 0.076084808 0.096282561 0.01992641
v 0.070065134 0.099048483 0.014881867
v 0.068106941 0.10221889 -0.0026002398
v 0.15309244 0.054061861 -0.027558625
v 0.16573057 0.039603394 -0.031525024
v 0.16562879 0.042609305 -0.021407448
v 0.16905911 0.038236398 -0.01390762
v 0.17424909 0.027740801 -0.031030228
v 0.17385652 0.030633641 -0.019559943
v 0.11540746 0.082943869 -0.027026785
v 0.13284397 0.069440158 -0.030830016
v 0.13927403 0.067667266 -0.019525899
v 0.12643252 0.07673448 -0.015401271
v 0.11412664 0.082739071 -0.0061713303
v 0.13953943 0.066979843 -0.010823565
v 0.12751534 0.071992019 -0.00064169204
v -0.17615614 -0.00011430595 -0.033621692
v -0.17642646 -0.00089574937 -0.025766597
v -0.17673701 0.009226677 -0.033454907
v -0.17185608 -0.019385089 -0.031731234
v -0.17209316 -0.016584241 -0.022760245
v -0.1707722 -0.010672612 -0.010991848
v -0.1665166 -0.008924772 0.00078686766
v 0.17075641 -0.0045556564 -0.029599816
v 0.17432159 0.0068922253 -0.015689682
v 0.16971337 -0.010975664 -0.021039747
v 0.17632283 0.024108676 -0.021690479
v 0.176983 0.016009006 -0.023942553
v 0.1754053 0.016813029 -0.0055207744
v 0.17124918 0.014665382 0.011376308
v 0.16819538 0.016125782 0.018319424
v -0.16029504 -0.047374788 -0.030707331
v -0.16027299 -0.043662315 -0.02268607
v -0.16529054 -0.037652344 -0.033279744
v -0.16695574 -0.031904941 -0.024488858
v -0.15275102 -0.05820166 -0.029197452
v -0.13715902 -0.07604882 -0.030193924
v -0.12739098 -0.07472372 -0.01825839
v -0.14293094 -0.072633313 -0.034887877
v -0.13252037 -0.053614427 0.0050488213
v -0.14248792 -0.060523938 -0.0172329
v -0.13621229 0.078753003 -0.045186436
v -0.12129501 0.083702294 -0.047993284
v -0.13501578 0.073589039 -0.050967617
v 0.0030857313 0.11336477 -0.044387089
v 0.0075091774 0.10948005 -0.049439836
v -0.015491101 0.099119131 -0.058238306
v -0.026579131 0.10867867 -0.045960206
v -0.051629421 0.092981449 -0.059148961
v -0.0047092992 0.088872962 -0.070005909
v 0.052720266 0.10843806 -0.043315205
v 0.05789658 0.094701593 -0.059234692
v 0.031373807 0.11258483 -0.044212633
v 0.028020921 0.10843436 -0.049919372
v 0.082858227 0.097635005 -0.042484723
v 0.079116912 0.089767739 -0.057022128
v 0.071214809 0.10247749 -0.04346832
v 0.067550139 0.093793497 -0.057473445
v 0.076686146 -0.046968191 -0.080540666
v 0.072097066 -0.053812612 -0.079772893
v 0.10262504 -0.029492521 -0.075294412
v 0.091708032 -0.038801049 -0.077864619
v -0.066696107 -0.069257143 -0.078148798
v -0.072820296 -0.062986898 -0.079759753
v 0.001040925 -0.070983903 -0.07757956
v -0.048843301 -0.05698751 -0.082424332
v -0.041268326 -0.074186587 -0.076127892
v -0.10281529 0.059043518 -0.080215478
v -0.13562224 0.01813672 -0.078930064
v -0.12427623 0.03550805 -0.080598171
v 0.03894878 -0.059335459 -0.080461994
v 0.064685963 -0.055556394 -0.080731263
v 0.061662413 -0.062779102 -0.07667208
v 0.069971202 -0.068226536 -0.070584672
v 0.1073272 0.01670031 -0.080231969
v 0.078222752 0.068985931 -0.077354827
v 0.089289523 0.068145835 -0.073345213
v -0.12646383 0.0020732946 -0.081821758
v -0.13631372 0.0027367278 -0.077871851
v -0.13748792 0.0065877621 -0.078130979
v -0.13748289 0.012146947 -0.078384903
v -0.1287974 -0.0050487771 -0.078416038
v 0.10323979 -0.012104259 -0.080681431
v 0.1083085 -0.0082804778 -0.078995244
v 0.10830771 0.0056775481 -0.081310025
v 0.11288329 0.0087260594 -0.079010676
v 0.11242299 0.0021239209 -0.07894841
v 0.11893084 0.011836751 -0.07406174
v 0.11609347 0.0035780582 -0.075933236
v 0.12205723 0.0028543853 -0.071294143
v -0.091064705 -0.036624561 -0.079958112
v -0.083732105 -0.061222388 -0.077370617
v -0.095933823 -0.044760392 -0.07555354
v -0.04854907 -0.058585412 0.048295188
v -0.078117443 -0.057878499 0.043058371
v -0.070517418 -0.064488751 0.041494514
v -0.064068129 -0.06861673 0.039597263
v -0.049434853 -0.07459689 0.03028671
v -0.051519259 -0.076051822 0.024159435
v -0.059157647 -0.10998878 -0.04542828
v -0.065192757 -0.095091964 -0.056392653
v -0.057969606 -0.11481926 -0.038662708
v -0.073696995 -0.11085401 -0.040866359
v -0.075391296 -0.11185375 -0.037106698
v -0.079151665 0.10082225 -0.027701949
v -0.10976281 0.093130239 -0.032234321
v -0.087743308 0.098285913 -0.040009506
v -0.063419692 0.042075259 -0.091312414
v -0.07673704 0.020640602 -0.091484314
v -0.056279628 0.04325113 0.048850752
v -0.084200795 0.035307219 0.049558638
v -0.060299032 0.011579033 0.065902448
v -0.059556397 -0.0058898431 -0.090150567
v -0.064184552 -0.014286038 -0.088840988
v -0.056101112 -0.02987116 0.056259119
v -0.098539752 -0.0010889053 0.057152575
v -0.10338558 -0.020158242 0.049424754
v -0.047128361 -0.1033369 0.00032329355
v -0.064800007 -0.10354963 -0.010382482
v -0.055993067 -0.099231055 0.0016975227
v -0.051501267 -0.094074938 0.0094049715
v -0.077380716 0.095591258 -0.0069314295
v -0.1078885 0.08489448 0.0055743992
v -0.1038802 0.091441492 -0.01543461
v -0.044283235 0.087784584 -0.067356233
v -0.065722478 0.080944485 -0.073185748
v -0.083706262 0.086275853 -0.059296165
v -0.056360505 -0.027264349 -0.08910241
v -0.047670431 -0.081408148 0.020316074
v -0.049891901 -0.091521665 -0.06109622
v -0.062343044 0.057724503 -0.088331461
v -0.072575631 0.066080125 0.03003887
v -0.11055361 0.06555587 0.026701595
v -0.11559621 0.0081011692 0.054102213
v -0.064066543 0.0045912887 0.066076996
v -0.063942712 -0.00085694181 0.06549338
v -0.056857948 -0.11579175 -0.033748522
v -0.063219213 -0.11340111 -0.027796586
v -0.074536649 -0.10929518 -0.025042572
v -0.077080928 0.091607484 0.0047858118
v -0.0773427 0.097753456 -0.046306034
v -0.10866579 0.088771707 -0.04681177
vt 0.498502 0.420907
vt 0.511512 0.433518
vt 0.492739 0.436351
vt 0.526267 0.459787
vt 0.321755 0.691934
vt 0.322229 0.665370
vt 0.337380 0.654202
vt 0.341765 0.670372
vt 0.352005 0.633557
vt 0.348330 0.628786
vt 0.354730 0.621102
vt 0.113903 0.186890
vt 0.107370 0.174987
vt 0.120234 0.169235
vt 0.102879 0.200043
vt 0.127735 0.184338
vt 0.098360 0.186317
vt 0.081062 0.194819
vt 0.111080 0.147947
vt 0.095415 0.162243
vt 0.022769 0.777374
vt 0.012561 0.782745
vt 0.026732 0.748990
vt 0.005318 0.763465
vt 0.008727 0.787366
vt 0.010326 0.796586
vt 0.007722 0.795229
vt 0.343939 0.552865
vt 0.359060 0.551589
vt 0.351888 0.562744
vt 0.369926 0.553162
vt 0.365645 0.567508
vt 0.368523 0.533785
vt 0.356313 0.539520
vt 0.376081 0.541847
vt 0.201512 0.702745
vt 0.199770 0.693733
vt 0.200540 0.669654
vt 0.201812 0.632973
vt 0.198361 0.665920
vt 0.201767 0.610719
vt 0.201916 0.675735
vt 0.201991 0.652159
vt 0.507695 0.250362
vt 0.497445 0.317743
vt 0.484964 0.268937
vt 0.153028 0.314098
vt 0.134521 0.299056
vt 0.149245 0.282225
vt 0.167793 0.327455
vt 0.128333 0.333013
vt 0.117960 0.307957
vt 0.098501 0.229806
vt 0.111105 0.316772
vt 0.100630 0.305597
vt 0.111200 0.344267
vt 0.107014 0.346654
vt 0.117070 0.351462
vt 0.096650 0.331319
vt 0.100964 0.362908
vt 0.531340 0.080944
vt 0.553693 0.102546
vt 0.546750 0.110141
vt 0.553866 0.146347
vt 0.567965 0.129250
vt 0.562787 0.150463
vt 0.538525 0.066997
vt 0.545376 0.062910
vt 0.527872 0.120524
vt 0.526445 0.137950
vt 0.588047 0.480407
vt 0.553750 0.465609
vt 0.572402 0.465967
vt 0.593710 0.506515
vt 0.579829 0.508325
vt 0.582754 0.543656
vt 0.568478 0.528708
vt 0.469977 0.889560
vt 0.463072 0.869384
vt 0.473671 0.863132
vt 0.455107 0.853403
vt 0.466008 0.842371
vt 0.437492 0.511890
vt 0.430987 0.537423
vt 0.427560 0.516711
vt 0.438008 0.534525
vt 0.433573 0.556512
vt 0.427221 0.564281
vt 0.425632 0.542565
vt 0.432096 0.567984
vt 0.420339 0.566413
vt 0.419811 0.551798
vt 0.587467 0.258726
vt 0.570292 0.271022
vt 0.566536 0.242844
vt 0.593181 0.301666
vt 0.603873 0.281215
vt 0.576524 0.172417
vt 0.570237 0.181657
vt 0.585782 0.182214
vt 0.595414 0.242755
vt 0.600768 0.240273
vt 0.430017 0.196750
vt 0.421964 0.216404
vt 0.416879 0.192348
vt 0.435226 0.221440
vt 0.427662 0.240806
vt 0.437389 0.241449
vt 0.427907 0.262772
vt 0.406471 0.218575
vt 0.564432 0.802616
vt 0.543254 0.781938
vt 0.560904 0.769165
vt 0.555161 0.835528
vt 0.533875 0.816557
vt 0.543409 0.744574
vt 0.339415 0.831468
vt 0.349593 0.821996
vt 0.344591 0.846103
vt 0.347240 0.803522
vt 0.335190 0.847570
vt 0.332186 0.818177
vt 0.341153 0.788578
vt 0.083291 0.643300
vt 0.089540 0.617263
vt 0.087884 0.662689
vt 0.078484 0.648599
vt 0.077612 0.614074
vt 0.082605 0.614963
vt 0.080890 0.608356
vt 0.090110 0.649848
vt 0.088649 0.720195
vt 0.313498 0.787071
vt 0.331869 0.798143
vt 0.296333 0.802743
vt 0.329433 0.782000
vt 0.297060 0.812314
vt 0.620863 0.604556
vt 0.634738 0.625387
vt 0.612113 0.638661
vt 0.635871 0.664546
vt 0.617371 0.709130
vt 0.265048 0.267208
vt 0.240837 0.238642
vt 0.273395 0.227919
vt 0.235873 0.213427
vt 0.255361 0.204476
vt 0.253781 0.288392
vt 0.234743 0.260680
vt 0.291320 0.248576
vt 0.321884 0.189001
vt 0.236624 0.170620
vt 0.255313 0.154081
vt 0.696995 0.480809
vt 0.684256 0.495402
vt 0.695570 0.427167
vt 0.683999 0.526840
vt 0.673065 0.537142
vt 0.666212 0.533393
vt 0.670385 0.507702
vt 0.658982 0.519517
vt 0.658101 0.482621
vt 0.518395 0.948332
vt 0.515470 0.930972
vt 0.528257 0.928723
vt 0.514228 0.960547
vt 0.505616 0.947696
vt 0.504974 0.919518
vt 0.471116 0.452457
vt 0.468447 0.478689
vt 0.461246 0.506110
vt 0.465403 0.445228
vt 0.460039 0.461794
vt 0.319857 0.743196
vt 0.334462 0.753109
vt 0.347620 0.776722
vt 0.341741 0.739036
vt 0.354236 0.772195
vt 0.348301 0.729907
vt 0.154891 0.102911
vt 0.143006 0.130186
vt 0.139475 0.095191
vt 0.131715 0.125312
vt 0.167288 0.127605
vt 0.146909 0.143794
vt 0.160466 0.113175
vt 0.473378 0.228220
vt 0.464022 0.260492
vt 0.460666 0.222874
vt 0.471958 0.302120
vt 0.206112 0.299981
vt 0.184776 0.283539
vt 0.205169 0.275594
vt 0.178793 0.259248
vt 0.195010 0.243965
vt 0.209741 0.317440
vt 0.215788 0.294881
vt 0.159442 0.197632
vt 0.166043 0.181907
vt 0.480234 0.037983
vt 0.501103 0.032049
vt 0.499402 0.051992
vt 0.481717 0.019089
vt 0.507450 0.021593
vt 0.478263 0.060069
vt 0.498939 0.086209
vt 0.299450 0.713513
vt 0.302644 0.730316
vt 0.292547 0.725206
vt 0.309411 0.721523
vt 0.299388 0.748728
vt 0.293915 0.740174
vt 0.310540 0.762933
vt 0.575571 0.991857
vt 0.560311 0.973511
vt 0.579631 0.979131
vt 0.571587 0.961614
vt 0.539836 0.951752
vt 0.558786 0.988543
vt 0.539367 0.969301
vt 0.595037 0.961248
vt 0.575275 0.998893
vt 0.548345 0.925479
vt 0.563008 0.930633
vt 0.072387 0.151260
vt 0.059211 0.181196
vt 0.055587 0.128061
vt 0.071791 0.118589
vt 0.070101 0.093516
vt 0.044417 0.196348
vt 0.046374 0.166938
vt 0.072924 0.495960
vt 0.087499 0.525340
vt 0.071436 0.519186
vt 0.075687 0.536300
vt 0.084853 0.489271
vt 0.101527 0.546937
vt 0.387291 0.562660
vt 0.405889 0.537812
vt 0.399329 0.567168
vt 0.390061 0.585730
vt 0.403211 0.588561
vt 0.399109 0.599467
vt 0.409743 0.576424
vt 0.051217 0.303086
vt 0.055775 0.342375
vt 0.023346 0.328823
vt 0.064438 0.304747
vt 0.070395 0.330033
vt 0.038669 0.364193
vt 0.403990 0.510166
vt 0.384815 0.515218
vt 0.385938 0.503850
vt 0.397222 0.532526
vt 0.381811 0.528019
vt 0.404022 0.524618
vt 0.406216 0.243068
vt 0.394625 0.268251
vt 0.388786 0.227547
vt 0.385059 0.196553
vt 0.368728 0.180057
vt 0.339394 0.053568
vt 0.342215 0.020272
vt 0.351213 0.045583
vt 0.320504 0.056240
vt 0.325925 0.033145
vt 0.328750 0.015457
vt 0.312267 0.024269
vt 0.312539 0.011656
vt 0.302025 0.041682
vt 0.323912 0.002760
vt 0.336803 0.008723
vt 0.354071 0.029471
vt 0.277628 0.788849
vt 0.278493 0.801633
vt 0.262541 0.790326
vt 0.265489 0.769368
vt 0.250771 0.762194
vt 0.281378 0.812356
vt 0.261434 0.807532
vt 0.248766 0.788788
vt 0.103836 0.060024
vt 0.091377 0.047573
vt 0.128339 0.044512
vt 0.122113 0.034387
vt 0.077867 0.066094
vt 0.282086 0.705824
vt 0.250972 0.711062
vt 0.255509 0.695643
vt 0.279267 0.725671
vt 0.261319 0.736803
vt 0.505096 0.756158
vt 0.503398 0.773942
vt 0.473354 0.802043
vt 0.501158 0.791398
vt 0.467334 0.822910
vt 0.507695 0.720587
vt 0.507190 0.735347
vt 0.458931 0.808649
vt 0.692939 0.303412
vt 0.705668 0.281870
vt 0.708481 0.309040
vt 0.727042 0.260538
vt 0.680623 0.226890
vt 0.727591 0.226081
vt 0.505926 0.153647
vt 0.518871 0.159382
vt 0.514238 0.173777
vt 0.525501 0.182881
vt 0.515381 0.192911
vt 0.511978 0.129301
vt 0.526578 0.154691
vt 0.540532 0.438619
vt 0.537155 0.456386
vt 0.531882 0.435362
vt 0.548179 0.448243
vt 0.546210 0.465331
vt 0.542037 0.470034
vt 0.511901 0.814716
vt 0.491393 0.821086
vt 0.508141 0.801202
vt 0.515705 0.830123
vt 0.492438 0.837192
vt 0.542110 0.235642
vt 0.539130 0.268969
vt 0.526571 0.212215
vt 0.551044 0.261311
vt 0.543599 0.316768
vt 0.531999 0.320413
vt 0.522140 0.255472
vt 0.675771 0.371646
vt 0.634579 0.436734
vt 0.653031 0.383905
vt 0.650018 0.439918
vt 0.665106 0.430014
vt 0.468757 0.104395
vt 0.480711 0.097278
vt 0.466316 0.114153
vt 0.464292 0.122326
vt 0.485733 0.125983
vt 0.474527 0.129479
vt 0.439601 0.636015
vt 0.441852 0.684115
vt 0.433789 0.623998
vt 0.434549 0.679879
vt 0.442571 0.666213
vt 0.618118 0.821503
vt 0.620215 0.836788
vt 0.605027 0.816949
vt 0.600332 0.835892
vt 0.611401 0.866219
vt 0.107550 0.677887
vt 0.099380 0.627164
vt 0.114982 0.618150
vt 0.096709 0.684761
vt 0.091825 0.681220
vt 0.095924 0.660834
vt 0.115730 0.680577
vt 0.116762 0.637764
vt 0.512103 0.335117
vt 0.501452 0.394171
vt 0.492326 0.335940
vt 0.491276 0.411876
vt 0.140436 0.373313
vt 0.141053 0.345468
vt 0.153846 0.355643
vt 0.130047 0.429983
vt 0.152108 0.378402
vt 0.125597 0.374797
vt 0.120937 0.436103
vt 0.116381 0.390371
vt 0.392408 0.608653
vt 0.404923 0.604173
vt 0.415501 0.656947
vt 0.413859 0.611957
vt 0.420060 0.602361
vt 0.422903 0.618249
vt 0.427371 0.675858
vt 0.328480 0.708001
vt 0.352072 0.648850
vt 0.079851 0.172421
vt 0.110710 0.128598
vt 0.095668 0.117397
vt 0.113625 0.093265
vt 0.134612 0.142928
vt 0.110058 0.507308
vt 0.077473 0.378563
vt 0.099091 0.390326
vt 0.077665 0.423183
vt 0.096687 0.429236
vt 0.077778 0.454822
vt 0.106688 0.379078
vt 0.106452 0.398993
vt 0.068740 0.355223
vt 0.068259 0.398699
vt 0.017031 0.619207
vt 0.026370 0.630758
vt 0.015519 0.645458
vt 0.029641 0.645913
vt 0.023963 0.677044
vt 0.016323 0.673443
vt 0.028815 0.704897
vt 0.015803 0.701560
vt 0.012175 0.700659
vt 0.376644 0.573055
vt 0.302519 0.823179
vt 0.288920 0.839831
vt 0.286756 0.823602
vt 0.306274 0.841331
vt 0.294535 0.854862
vt 0.275228 0.843382
vt 0.321196 0.844169
vt 0.307493 0.859906
vt 0.671711 0.159899
vt 0.677013 0.129644
vt 0.491586 0.197624
vt 0.491353 0.170065
vt 0.469487 0.188276
vt 0.477256 0.162845
vt 0.181402 0.616273
vt 0.196065 0.622729
vt 0.182375 0.642653
vt 0.174043 0.646662
vt 0.187186 0.606671
vt 0.124343 0.273788
vt 0.108445 0.219260
vt 0.123126 0.213650
vt 0.139714 0.246167
vt 0.138445 0.197264
vt 0.148283 0.221645
vt 0.147762 0.164242
vt 0.160192 0.276811
vt 0.171810 0.305804
vt 0.076123 0.301126
vt 0.079035 0.244419
vt 0.082408 0.211632
vt 0.063924 0.209009
vt 0.091488 0.294074
vt 0.678499 0.340933
vt 0.688541 0.339785
vt 0.689190 0.356179
vt 0.684841 0.367348
vt 0.675871 0.325664
vt 0.673426 0.312183
vt 0.680452 0.313583
vt 0.692241 0.263865
vt 0.483466 0.113591
vt 0.497694 0.105352
vt 0.523753 0.048269
vt 0.529490 0.039985
vt 0.560195 0.436715
vt 0.548602 0.405601
vt 0.575273 0.433374
vt 0.565732 0.408317
vt 0.568487 0.300017
vt 0.551650 0.335258
vt 0.553840 0.290753
vt 0.571928 0.339536
vt 0.574812 0.378997
vt 0.605107 0.326886
vt 0.594697 0.362792
vt 0.611417 0.327388
vt 0.605844 0.380554
vt 0.525168 0.850729
vt 0.535235 0.860918
vt 0.487746 0.892058
vt 0.539553 0.870066
vt 0.494066 0.935623
vt 0.484792 0.913922
vt 0.477753 0.914435
vt 0.393128 0.483380
vt 0.429999 0.290711
vt 0.407346 0.334666
vt 0.391153 0.316149
vt 0.438271 0.276138
vt 0.429311 0.333606
vt 0.441032 0.327685
vt 0.433188 0.365969
vt 0.444481 0.373506
vt 0.438894 0.421207
vt 0.445162 0.313801
vt 0.549498 0.226311
vt 0.535854 0.193519
vt 0.540288 0.207864
vt 0.560935 0.199661
vt 0.579418 0.155025
vt 0.404460 0.143556
vt 0.415275 0.168385
vt 0.384261 0.153695
vt 0.403220 0.197561
vt 0.389015 0.178621
vt 0.421383 0.160583
vt 0.400564 0.171047
vt 0.415570 0.139458
vt 0.404755 0.131305
vt 0.422138 0.145837
vt 0.428162 0.171654
vt 0.525816 0.758723
vt 0.524010 0.794334
vt 0.569484 0.644961
vt 0.544117 0.669669
vt 0.560656 0.618662
vt 0.552549 0.685405
vt 0.570724 0.695861
vt 0.602529 0.622500
vt 0.590449 0.746681
vt 0.326695 0.376709
vt 0.286711 0.380933
vt 0.277871 0.315694
vt 0.255879 0.321584
vt 0.271211 0.407697
vt 0.244250 0.326632
vt 0.235722 0.289740
vt 0.297443 0.293906
vt 0.364635 0.521403
vt 0.357444 0.495694
vt 0.374266 0.481889
vt 0.360210 0.529624
vt 0.338229 0.540287
vt 0.327020 0.530146
vt 0.300530 0.077536
vt 0.278281 0.060382
vt 0.294177 0.024473
vt 0.330680 0.118034
vt 0.337157 0.116173
vt 0.359929 0.142118
vt 0.353397 0.133880
vt 0.366363 0.115967
vt 0.350773 0.103427
vt 0.383136 0.132768
vt 0.332373 0.095183
vt 0.081781 0.747327
vt 0.089202 0.757094
vt 0.076053 0.708443
vt 0.081712 0.717779
vt 0.082590 0.766807
vt 0.089325 0.771546
vt 0.077350 0.760502
vt 0.292908 0.791438
vt 0.280614 0.768664
vt 0.295093 0.772834
vt 0.652494 0.314539
vt 0.639538 0.281172
vt 0.656610 0.293191
vt 0.655517 0.255077
vt 0.667432 0.271636
vt 0.670029 0.325890
vt 0.647626 0.344881
vt 0.634193 0.325780
vt 0.647225 0.374297
vt 0.628893 0.383068
vt 0.667881 0.341575
vt 0.619631 0.349597
vt 0.294598 0.121273
vt 0.261071 0.100437
vt 0.275740 0.086092
vt 0.252151 0.072258
vt 0.318605 0.114565
vt 0.345292 0.154974
vt 0.338404 0.205312
vt 0.303731 0.172416
vt 0.330941 0.128374
vt 0.360852 0.168425
vt 0.351656 0.146647
vt 0.647564 0.487700
vt 0.675134 0.442709
vt 0.679660 0.400722
vt 0.677770 0.385945
vt 0.701796 0.376725
vt 0.685201 0.413592
vt 0.712646 0.413791
vt 0.536755 0.977460
vt 0.586222 0.805571
vt 0.568426 0.841539
vt 0.575190 0.781335
vt 0.555023 0.867427
vt 0.546967 0.864524
vt 0.634730 0.690979
vt 0.632233 0.712742
vt 0.619702 0.728715
vt 0.465498 0.318726
vt 0.469461 0.375748
vt 0.464709 0.422008
vt 0.401089 0.673608
vt 0.408697 0.686502
vt 0.370718 0.676101
vt 0.408081 0.711020
vt 0.404629 0.700860
vt 0.424420 0.707632
vt 0.372409 0.703464
vt 0.423456 0.694731
vt 0.372454 0.693386
vt 0.367268 0.712757
vt 0.361848 0.707474
vt 0.359805 0.699453
vt 0.359206 0.680691
vt 0.338187 0.775363
vt 0.355184 0.783733
vt 0.355045 0.796201
vt 0.146732 0.084930
vt 0.130443 0.069891
vt 0.108054 0.075984
vt 0.120963 0.065077
vt 0.157429 0.070985
vt 0.142029 0.052565
vt 0.145729 0.047644
vt 0.153048 0.076609
vt 0.136446 0.056389
vt 0.160169 0.067186
vt 0.136571 0.035908
vt 0.144395 0.037940
vt 0.176000 0.102470
vt 0.167671 0.097110
vt 0.167869 0.087066
vt 0.161463 0.088405
vt 0.160257 0.097299
vt 0.168080 0.110502
vt 0.167861 0.080724
vt 0.176882 0.121045
vt 0.471184 0.147759
vt 0.457236 0.153938
vt 0.459812 0.129802
vt 0.455925 0.191725
vt 0.448601 0.217774
vt 0.178652 0.162040
vt 0.156443 0.158225
vt 0.185560 0.129379
vt 0.192815 0.169389
vt 0.174693 0.132172
vt 0.187825 0.173683
vt 0.207262 0.235485
vt 0.203456 0.241313
vt 0.212997 0.235105
vt 0.203621 0.193692
vt 0.220877 0.271220
vt 0.221165 0.290909
vt 0.212601 0.269711
vt 0.226356 0.303879
vt 0.220940 0.311777
vt 0.460122 0.106999
vt 0.468588 0.063034
vt 0.463037 0.058522
vt 0.456178 0.109398
vt 0.468139 0.034935
vt 0.475261 0.031061
vt 0.468320 0.017756
vt 0.473274 0.017415
vt 0.469827 0.008772
vt 0.478021 0.005463
vt 0.484215 0.007376
vt 0.486449 0.014418
vt 0.296132 0.704322
vt 0.283052 0.684359
vt 0.121820 0.546016
vt 0.132433 0.577167
vt 0.109020 0.558380
vt 0.148809 0.591855
vt 0.137212 0.589443
vt 0.119048 0.511004
vt 0.132921 0.541639
vt 0.137642 0.537376
vt 0.138972 0.567686
vt 0.157635 0.581085
vt 0.619380 0.920611
vt 0.577506 0.911182
vt 0.614373 0.881893
vt 0.556576 0.909471
vt 0.648007 0.929923
vt 0.636534 0.910107
vt 0.649187 0.905982
vt 0.630887 0.936245
vt 0.645141 0.953319
vt 0.633057 0.950555
vt 0.572785 0.554352
vt 0.557891 0.565237
vt 0.544290 0.581939
vt 0.556240 0.545303
vt 0.562119 0.576039
vt 0.569550 0.576860
vt 0.557225 0.592784
vt 0.551678 0.590140
vt 0.538907 0.565101
vt 0.552654 0.529459
vt 0.050391 0.090101
vt 0.045967 0.113836
vt 0.034238 0.134887
vt 0.041949 0.145725
vt 0.023471 0.175366
vt 0.031737 0.190490
vt 0.059915 0.090744
vt 0.040069 0.098829
vt 0.026324 0.141975
vt 0.068908 0.040813
vt 0.065817 0.057572
vt 0.052904 0.068313
vt 0.066413 0.067728
vt 0.081725 0.044098
vt 0.035066 0.512343
vt 0.044704 0.528786
vt 0.042514 0.546792
vt 0.055852 0.541268
vt 0.057497 0.570387
vt 0.066337 0.571589
vt 0.027632 0.509726
vt 0.044474 0.502168
vt 0.068250 0.593105
vt 0.062176 0.590984
vt 0.018950 0.367708
vt 0.042290 0.413202
vt 0.021081 0.415208
vt 0.008157 0.390626
vt 0.014390 0.443621
vt 0.030894 0.459760
vt 0.024222 0.478178
vt 0.009567 0.344511
vt 0.003696 0.344536
vt 0.056946 0.383698
vt 0.059539 0.416949
vt 0.064055 0.439240
vt 0.048633 0.460959
vt 0.063979 0.459710
vt 0.247716 0.870039
vt 0.256018 0.868375
vt 0.249312 0.885678
vt 0.256867 0.901055
vt 0.250226 0.902398
vt 0.266337 0.860096
vt 0.260949 0.880514
vt 0.243625 0.824541
vt 0.256702 0.836754
vt 0.250774 0.851937
vt 0.241337 0.848421
vt 0.243125 0.875691
vt 0.267934 0.825512
vt 0.249814 0.812068
vt 0.009076 0.301420
vt 0.017190 0.233628
vt 0.022943 0.300849
vt 0.028053 0.234976
vt 0.016612 0.203858
vt 0.045073 0.232347
vt 0.010666 0.237837
vt 0.381044 0.498155
vt 0.376673 0.521560
vt 0.370756 0.520400
vt 0.374779 0.238655
vt 0.382472 0.340904
vt 0.357874 0.221739
vt 0.392801 0.370811
vt 0.365958 0.153948
vt 0.364730 0.162425
vt 0.358325 0.147657
vt 0.718915 0.514200
vt 0.702799 0.530265
vt 0.707064 0.499395
vt 0.714818 0.534897
vt 0.705655 0.546159
vt 0.685034 0.551518
vt 0.691524 0.529513
vt 0.694314 0.557988
vt 0.728055 0.495366
vt 0.724533 0.476295
vt 0.677153 0.548547
vt 0.741654 0.410242
vt 0.731268 0.422854
vt 0.737407 0.379471
vt 0.716653 0.457382
vt 0.725691 0.383081
vt 0.373294 0.101760
vt 0.375629 0.076027
vt 0.388709 0.108400
vt 0.358908 0.082308
vt 0.363780 0.056550
vt 0.238128 0.790838
vt 0.240056 0.757093
vt 0.232354 0.803916
vt 0.231404 0.786068
vt 0.232596 0.746960
vt 0.248318 0.732766
vt 0.236866 0.721802
vt 0.102915 0.027778
vt 0.102108 0.016501
vt 0.080187 0.034530
vt 0.090289 0.014444
vt 0.078392 0.025506
vt 0.110011 0.009485
vt 0.095972 0.008782
vt 0.103889 0.003834
vt 0.117222 0.021974
vt 0.123835 0.015291
vt 0.113533 0.005538
vt 0.099764 0.002432
vt 0.129550 0.031971
vt 0.133984 0.021976
vt 0.245119 0.683431
vt 0.241112 0.703989
vt 0.233552 0.683454
vt 0.230539 0.712872
vt 0.238349 0.632565
vt 0.248076 0.646283
vt 0.237582 0.655858
vt 0.252613 0.617543
vt 0.265040 0.640812
vt 0.232566 0.630772
vt 0.231950 0.650006
vt 0.281385 0.603179
vt 0.285190 0.629255
vt 0.291791 0.608290
vt 0.262066 0.671713
vt 0.456653 0.826776
vt 0.744786 0.237848
vt 0.736854 0.217923
vt 0.742251 0.192587
vt 0.713013 0.185738
vt 0.729258 0.168523
vt 0.734387 0.131627
vt 0.717591 0.089747
vt 0.695244 0.208232
vt 0.691456 0.143917
vt 0.683483 0.171458
vt 0.703490 0.132747
vt 0.736814 0.265790
vt 0.734910 0.305687
vt 0.743094 0.280668
vt 0.741750 0.307354
vt 0.708116 0.349398
vt 0.730264 0.335948
vt 0.729447 0.355102
vt 0.736564 0.347524
vt 0.709463 0.327886
vt 0.501942 0.159604
vt 0.508294 0.185297
vt 0.511471 0.198647
vt 0.496776 0.139077
vt 0.476286 0.138891
vt 0.515722 0.404498
vt 0.537536 0.392009
vt 0.525590 0.828187
vt 0.512849 0.776407
vt 0.512886 0.742607
vt 0.539052 0.847965
vt 0.518371 0.207650
vt 0.626753 0.429278
vt 0.620468 0.420487
vt 0.672094 0.351241
vt 0.551074 0.878584
vt 0.553922 0.877093
vt 0.559976 0.892111
vt 0.557015 0.884468
vt 0.459063 0.118740
vt 0.454830 0.118583
vt 0.588796 0.877613
vt 0.589003 0.849588
vt 0.638203 0.887784
vt 0.143018 0.443327
vt 0.136363 0.483938
vt 0.128182 0.475766
vt 0.135252 0.495503
vt 0.146811 0.491814
vt 0.142520 0.500622
vt 0.015442 0.727760
vt 0.009989 0.731155
vt 0.011512 0.760985
vt 0.666695 0.180710
vt 0.666874 0.119089
vt 0.674071 0.106548
vt 0.594205 0.423671
vt 0.609349 0.424412
vt 0.600990 0.451446
vt 0.612177 0.382685
vt 0.433480 0.488511
vt 0.428426 0.434640
vt 0.443246 0.452857
vt 0.415001 0.477500
vt 0.308502 0.462666
vt 0.311445 0.413508
vt 0.276418 0.450190
vt 0.471019 0.432900
vt 0.458841 0.434665
vt 0.208879 0.436618
vt 0.209044 0.503299
vt 0.176627 0.435904
vt 0.195856 0.519839
vt 0.218491 0.545010
vt 0.198420 0.546954
vt 0.070459 0.472703
vt 0.056324 0.486844
vt 0.076840 0.470192
vt 0.682213 0.109348
vt 0.697902 0.079465
vt 0.707571 0.033399
vt 0.704539 0.013189
vt 0.153354 0.666549
vt 0.152858 0.634153
vt 0.160834 0.631912
vt 0.168088 0.661713
vt 0.172359 0.618642
vt 0.160887 0.615138
vt 0.173862 0.603519
vt 0.143967 0.418069
vt 0.138840 0.647867
vt 0.118752 0.662921
vt 0.117980 0.653293
vt 0.138587 0.614471
vt 0.119078 0.622974
vt 0.146722 0.609895
vt 0.147500 0.643323
vt 0.145746 0.657906
vt 0.135929 0.663861
vt 0.406261 0.432813
vt 0.404596 0.387575
vt 0.639972 0.164867
vt 0.647284 0.122368
vt 0.653646 0.164585
vt 0.632785 0.124053
vt 0.636785 0.107704
vt 0.348124 0.438143
vt 0.363741 0.402780
vt 0.380965 0.383977
vt 0.598543 0.776061
vt 0.587257 0.780663
vt 0.607462 0.767793
vt 0.214012 0.435480
vt 0.223679 0.533374
vt 0.035209 0.486137
vt 0.019010 0.483665
vt 0.392566 0.433081
vt 0.725185 0.070378
vt 0.717377 0.023720
vt 0.713542 0.001205
vt 0.525161 0.447926
vt 0.493800 0.451664
vt 0.506174 0.462328
vt 0.009741 0.799962
vt 0.201656 0.690793
vt 0.678263 0.263508
vt 0.561412 0.098644
vt 0.572325 0.125224
vt 0.606687 0.457701
vt 0.459145 0.874393
vt 0.442199 0.267038
vt 0.350353 0.840976
vt 0.473791 0.467773
vt 0.464409 0.545606
vt 0.453257 0.276858
vt 0.063894 0.237134
vt 0.435593 0.601097
vt 0.627143 0.828917
vt 0.361906 0.604975
vt 0.357597 0.640210
vt 0.355626 0.654046
vt 0.102858 0.484199
vt 0.110161 0.479959
vt 0.114094 0.477111
vt 0.104909 0.431867
vt 0.026467 0.605479
vt 0.031847 0.608552
vt 0.012584 0.615326
vt 0.369495 0.579704
vt 0.293698 0.863466
vt 0.275970 0.864986
vt 0.479981 0.290351
vt 0.419834 0.136289
vt 0.519907 0.722064
vt 0.532273 0.721686
vt 0.521024 0.709911
vt 0.345619 0.343510
vt 0.329721 0.274291
vt 0.076142 0.737770
vt 0.618726 0.404480
vt 0.245773 0.102557
vt 0.544950 0.877031
vt 0.359675 0.692148
vt 0.218874 0.251529
vt 0.472262 0.002653
vt 0.593203 0.894638
vt 0.263385 0.895366
vt 0.235953 0.824759
vt 0.238602 0.808080
vt 0.702745 0.564059
vt 0.736067 0.453435
vt 0.285288 0.664132
vt 0.447979 0.827597
vt 0.450748 0.841136
vt 0.746011 0.260313
vt 0.471397 0.548946
vt 0.597263 0.875341
vt 0.567520 0.884492
vt 0.641200 0.879974
vt 0.130715 0.492824
vt 0.029379 0.745016
vt 0.071552 0.664193
vt 0.052375 0.656339
vt 0.070853 0.629208
vt 0.063071 0.609419
vt 0.042345 0.610498
vt 0.074723 0.607106
vt 0.310108 0.535973
vt 0.294462 0.542903
vt 0.473934 0.381371
vt 0.472010 0.423971
vt 0.201285 0.426626
vt 0.147500 0.669582
vt 0.155254 0.617920
vt 0.118172 0.670236
vt 0.218936 0.431145
vt 0.228150 0.538301
vn -0.0752 -0.2553 -0.9639
vn -0.0824 -0.2767 -0.9574
vn -0.1475 -0.1903 -0.9706
vn -0.2634 -0.2409 -0.9341
vn -0.4596 -0.7358 0.4974
vn -0.4368 -0.8036 0.4042
vn -0.4542 -0.8080 0.3754
vn -0.4470 -0.6659 0.5973
vn -0.3093 -0.8565 0.4133
vn -0.3578 -0.8846 0.2993
vn -0.2586 -0.9550 0.1454
vn 0.6197 -0.5239 0.5844
vn 0.6580 -0.5081 0.5557
vn 0.6581 -0.4651 0.5922
vn 0.5674 -0.6439 0.5133
vn 0.4761 -0.4457 0.7581
vn 0.4866 -0.5027 0.7145
vn 0.6161 -0.6830 0.3923
vn 0.4950 -0.7520 0.4352
vn 0.6057 -0.7067 0.3656
vn 0.7400 -0.5082 0.4406
vn 0.7974 -0.4941 0.3464
vn 0.7516 -0.5292 0.3938
vn -0.2973 -0.9314 0.2098
vn -0.2215 -0.9345 0.2786
vn -0.2960 -0.9102 0.2898
vn -0.3616 -0.8402 0.4041
vn -0.2665 -0.6726 0.6903
vn -0.2514 -0.7792 0.5742
vn -0.2221 -0.8108 0.5415
vn -0.7106 0.3651 0.6015
vn -0.7064 0.4990 0.5020
vn -0.7495 0.3419 0.5669
vn -0.7288 0.5621 0.3910
vn -0.7704 0.4464 0.4553
vn -0.6258 0.5995 0.4990
vn -0.5071 0.5231 0.6850
vn -0.6626 0.6906 0.2898
vn -0.6962 0.6795 0.2313
vn -0.7294 0.6426 0.2346
vn -0.0552 0.4868 -0.8718
vn -0.1390 0.4369 -0.8887
vn -0.1523 0.5750 -0.8038
vn -0.3840 0.6542 -0.6517
vn -0.3085 0.5760 -0.7570
vn -0.4071 0.5798 -0.7058
vn -0.3098 0.7592 -0.5723
vn -0.3183 0.8027 -0.5043
vn -0.3302 0.7039 -0.6289
vn 0.0432 -0.1981 -0.9792
vn 0.0401 -0.2005 -0.9789
vn 0.0477 -0.1661 -0.9850
vn 0.0846 -0.5060 0.8584
vn 0.1543 -0.6001 0.7849
vn 0.1808 -0.4582 0.8703
vn -0.0852 -0.4225 0.9023
vn -0.0133 -0.5054 0.8628
vn -0.0423 -0.4816 0.8754
vn 0.0327 -0.6778 0.7345
vn 0.1835 -0.7595 0.6240
vn 0.2730 -0.8153 0.5107
vn 0.1503 -0.8229 0.5479
vn 0.1033 -0.9358 0.3370
vn 0.0907 -0.9470 0.3082
vn 0.0800 -0.9557 0.2834
vn 0.0213 -0.8075 0.5895
vn 0.0198 -0.9021 0.4311
vn 0.0677 -0.8248 0.5614
vn -0.0056 -0.9105 0.4135
vn -0.0391 -0.8010 0.5974
vn 0.5576 -0.4463 -0.6999
vn 0.4759 -0.5104 -0.7162
vn 0.4796 -0.5272 -0.7014
vn 0.4414 -0.5521 -0.7074
vn 0.4824 -0.6220 -0.6168
vn 0.4693 -0.6544 -0.5929
vn 0.3953 -0.7241 -0.5652
vn 0.6280 -0.4974 -0.5985
vn 0.6853 -0.5795 -0.4410
vn 0.5950 -0.5349 -0.5998
vn 0.5142 -0.3226 -0.7947
vn 0.4872 -0.3478 -0.8011
vn 0.5069 -0.3502 -0.7876
vn -0.2578 -0.7560 -0.6017
vn -0.2611 -0.6398 -0.7228
vn -0.0905 -0.7049 -0.7035
vn -0.3273 -0.8029 -0.4983
vn -0.3112 -0.6743 -0.6697
vn -0.4002 -0.7927 -0.4598
vn -0.4181 -0.7101 -0.5665
vn -0.8161 0.4017 -0.4155
vn -0.7235 0.4587 -0.5158
vn -0.6484 0.3768 -0.6614
vn -0.6986 0.5909 -0.4035
vn -0.5749 0.5008 -0.6471
vn -0.3377 0.9192 -0.2023
vn -0.4645 0.8855 -0.0091
vn -0.3708 0.9149 0.1597
vn -0.4184 0.8619 -0.2865
vn -0.6172 0.7523 -0.2305
vn -0.7423 0.6697 0.0216
vn -0.5355 0.8288 0.1620
vn -0.7259 0.6266 0.2837
vn -0.6262 0.7162 0.3081
vn 0.2021 -0.7510 -0.6286
vn 0.1632 -0.7153 -0.6795
vn 0.1969 -0.7199 -0.6656
vn 0.0934 -0.7355 -0.6710
vn 0.1189 -0.6941 -0.7100
vn 0.1836 -0.9020 -0.3908
vn 0.3236 -0.7479 -0.5795
vn 0.2906 -0.7276 -0.6214
vn 0.3505 -0.8831 -0.3120
vn 0.2917 -0.8523 -0.4341
vn 0.3811 -0.8366 -0.3934
vn 0.3144 -0.9384 -0.1437
vn 0.2284 0.9697 0.0867
vn 0.1596 0.9800 0.1189
vn 0.1006 0.9900 -0.0986
vn 0.0258 0.9612 0.2745
vn 0.0894 0.9715 0.2197
vn 0.1404 0.9449 0.2956
vn -0.1555 -0.0193 -0.9877
vn -0.1910 0.1400 -0.9716
vn -0.0877 0.0493 -0.9949
vn -0.2150 -0.0105 -0.9766
vn -0.2654 0.1540 -0.9518
vn -0.1042 0.2125 -0.9716
vn -0.5082 0.3227 0.7985
vn -0.2746 0.3715 0.8869
vn -0.3273 0.4430 0.8346
vn -0.4546 0.2535 0.8539
vn -0.5005 0.3865 0.7747
vn -0.5773 0.2382 0.7810
vn -0.5836 0.1879 0.7900
vn 0.6902 0.6116 0.3867
vn 0.6947 0.6111 0.3793
vn 0.6721 0.6234 0.3995
vn 0.4829 0.5615 0.6720
vn 0.4994 0.3643 0.7860
vn 0.6511 0.4577 0.6054
vn 0.7191 0.2644 0.6427
vn 0.6631 0.4709 0.5819
vn 0.5977 0.6051 0.5259
vn 0.6958 0.6743 0.2473
vn -0.7763 -0.1879 0.6017
vn -0.7305 0.0622 0.6801
vn -0.8322 -0.0292 0.5537
vn -0.7491 -0.1830 0.6367
vn -0.8389 0.1234 0.5301
vn 0.1207 0.1058 -0.9870
vn 0.0968 0.0515 -0.9940
vn 0.0254 0.0743 -0.9969
vn 0.0349 -0.0570 -0.9978
vn 0.0073 0.0055 -1.0000
vn 0.0474 0.5853 0.8095
vn 0.1030 0.5351 0.8385
vn 0.1110 0.6023 0.7905
vn 0.1736 0.4934 0.8523
vn 0.1695 0.5495 0.8181
vn -0.0415 0.6156 0.7870
vn -0.0508 0.5851 0.8094
vn -0.0120 0.5504 0.8348
vn 0.0051 0.6618 0.7497
vn 0.0556 0.6417 0.7650
vn 0.0464 0.6264 0.7781
vn 0.2123 0.4792 0.8516
vn 0.2435 0.3497 0.9047
vn 0.2423 0.4890 0.8380
vn 0.5675 0.6616 -0.4901
vn 0.5338 0.5746 -0.6204
vn 0.5048 0.6218 -0.5988
vn 0.5842 0.5752 -0.5725
vn 0.6899 0.4667 -0.5535
vn 0.6018 0.3418 -0.7218
vn 0.5178 0.4402 -0.7335
vn 0.5341 0.1678 -0.8286
vn 0.4681 0.3291 -0.8201
vn -0.7731 -0.1404 -0.6185
vn -0.7312 -0.0322 -0.6814
vn -0.6825 -0.1539 -0.7145
vn -0.8867 -0.1742 -0.4282
vn -0.8721 -0.0093 -0.4892
vn -0.7359 0.1355 -0.6634
vn -0.1362 -0.1362 -0.9813
vn -0.2111 -0.2370 -0.9483
vn -0.1914 -0.1834 -0.9642
vn -0.0660 -0.1543 -0.9858
vn -0.1109 -0.1080 -0.9879
vn -0.6983 -0.2964 0.6516
vn -0.6598 -0.3407 0.6698
vn -0.5283 -0.1665 0.8326
vn -0.5497 -0.3430 0.7617
vn -0.5070 -0.3948 0.7662
vn -0.3847 -0.3077 0.8702
vn -0.3931 -0.3488 0.8508
vn -0.3980 -0.3848 0.8328
vn 0.6649 -0.5618 0.4922
vn 0.6270 -0.5776 0.5228
vn 0.6289 -0.5834 0.5139
vn 0.6552 -0.5640 0.5026
vn 0.4247 -0.4205 0.8017
vn 0.5285 -0.4889 0.6940
vn 0.5181 -0.4535 0.7252
vn 0.0797 -0.1581 -0.9842
vn 0.0485 -0.1240 -0.9911
vn 0.0897 -0.0630 -0.9940
vn -0.0020 -0.1549 -0.9879
vn 0.0893 -0.3194 0.9434
vn 0.1746 -0.3485 0.9209
vn 0.1526 -0.3426 0.9270
vn 0.2702 -0.3265 0.9058
vn 0.2509 -0.3530 0.9014
vn -0.1628 -0.2948 0.9416
vn -0.0753 -0.2959 0.9523
vn -0.0778 -0.2426 0.9670
vn 0.3250 -0.3296 0.8864
vn 0.3032 -0.4315 0.8496
vn 0.5646 -0.2512 -0.7862
vn 0.5444 -0.3799 -0.7479
vn 0.5123 -0.3379 -0.7895
vn 0.6759 -0.3556 -0.6455
vn 0.6806 -0.3509 -0.6431
vn 0.6493 -0.3347 -0.6829
vn 0.4909 -0.3040 -0.8164
vn 0.4910 -0.3358 -0.8038
vn -0.6331 -0.5587 0.5357
vn -0.6907 -0.3687 0.6220
vn -0.7437 -0.5161 0.4249
vn -0.5955 -0.4616 0.6575
vn -0.7753 -0.2293 0.5885
vn -0.8105 -0.3523 0.4679
vn -0.7398 -0.2469 0.6258
vn -0.7512 -0.4468 -0.4858
vn -0.7032 -0.2952 -0.6468
vn -0.5848 -0.3761 -0.7187
vn -0.5469 -0.2809 -0.7887
vn -0.6862 -0.2205 -0.6932
vn -0.8112 -0.3389 -0.4766
vn -0.8012 -0.2379 -0.5491
vn -0.4391 -0.3279 -0.8365
vn -0.8051 -0.4946 -0.3274
vn -0.8693 -0.4384 -0.2282
vn -0.6194 -0.2403 -0.7474
vn -0.4932 -0.2926 -0.8193
vn 0.6181 -0.6883 0.3798
vn 0.6566 -0.6353 0.4066
vn 0.6624 -0.6641 0.3468
vn 0.7343 -0.6056 0.3068
vn 0.5183 -0.8192 0.2454
vn 0.4802 -0.8560 0.1913
vn 0.5344 -0.8304 0.1579
vn -0.3181 -0.7189 0.6181
vn -0.2942 -0.6592 0.6920
vn -0.3369 -0.7609 0.5545
vn -0.4025 -0.7461 0.5304
vn -0.3057 -0.6084 0.7324
vn -0.4140 -0.6947 0.5882
vn -0.7007 0.6649 0.2587
vn -0.6162 0.7001 0.3606
vn -0.6643 0.6443 0.3789
vn -0.7828 0.5353 0.3173
vn -0.7880 0.5482 0.2804
vn -0.8719 0.4222 0.2481
vn 0.2605 -0.9164 0.3040
vn 0.1576 -0.9244 0.3474
vn 0.2048 -0.9522 0.2266
vn 0.2193 -0.8498 0.4793
vn 0.1472 -0.8399 0.5224
vn 0.0909 -0.9561 0.2785
vn -0.3836 0.9032 0.1927
vn -0.3752 0.8893 0.2615
vn -0.3801 0.8976 0.2232
vn -0.5370 0.8342 0.1257
vn -0.5261 0.8036 0.2782
vn -0.6444 0.7316 0.2224
vn -0.6359 0.7443 0.2040
vn -0.6721 0.7188 0.1780
vn -0.0146 0.9297 0.3680
vn -0.0145 0.9331 0.3594
vn 0.0022 0.9478 0.3189
vn 0.0349 0.9689 0.2451
vn 0.0230 0.9702 0.2413
vn 0.5978 0.6765 0.4301
vn 0.7275 0.6397 0.2482
vn 0.6402 0.7156 0.2793
vn 0.5684 0.6287 0.5308
vn 0.6854 0.6165 0.3876
vn 0.8005 0.5310 0.2780
vn 0.7702 0.5121 0.3801
vn 0.6078 0.5597 0.5633
vn 0.6111 0.5999 0.5164
vn 0.6421 0.5730 0.5094
vn 0.8701 0.4136 0.2681
vn 0.7959 0.5925 0.1244
vn 0.6742 0.7167 0.1783
vn -0.9001 -0.1995 0.3874
vn -0.9331 -0.0352 0.3580
vn -0.9575 -0.1614 0.2389
vn -0.9065 -0.2924 0.3045
vn -0.9421 -0.2923 0.1644
vn -0.9202 0.1242 0.3713
vn -0.9770 0.0375 0.2098
vn -0.9871 -0.1476 0.0624
vn 0.8440 -0.4409 0.3052
vn 0.9225 -0.3534 0.1551
vn 0.9012 -0.2055 0.3815
vn 0.9509 -0.2199 0.2176
vn 0.8131 -0.5080 0.2841
vn -0.6758 -0.6147 0.4067
vn -0.7704 -0.5150 0.3759
vn -0.7134 -0.5646 0.4150
vn -0.7722 -0.5177 0.3684
vn -0.8501 -0.4054 0.3362
vn -0.3314 0.6454 -0.6882
vn -0.3069 0.6957 -0.6495
vn -0.3778 0.5904 -0.7133
vn -0.4429 0.5745 -0.6883
vn -0.1629 0.7105 -0.6846
vn -0.2478 0.7684 -0.5900
vn -0.3105 0.7740 -0.5519
vn 0.0799 0.7734 -0.6288
vn 0.0981 0.7362 -0.6697
vn 0.1530 0.7769 -0.6108
vn 0.0691 0.7564 -0.6505
vn -0.0084 0.6572 -0.7537
vn -0.0165 0.7566 -0.6537
vn 0.4928 -0.3971 -0.7742
vn 0.4637 -0.4926 -0.7364
vn 0.4768 -0.4691 -0.7434
vn 0.4030 -0.4487 -0.7977
vn 0.4041 -0.5277 -0.7472
vn 0.3810 -0.5022 -0.7763
vn 0.5812 -0.3471 -0.7360
vn 0.5457 -0.3938 -0.7397
vn 0.6114 -0.4386 -0.6587
vn -0.0468 -0.5110 -0.8583
vn -0.1825 -0.4098 -0.8937
vn -0.0437 -0.3573 -0.9330
vn -0.1100 -0.6405 -0.7600
vn -0.2864 -0.5191 -0.8053
vn -0.3731 -0.3722 -0.8499
vn -0.2810 -0.3092 -0.9085
vn -0.4618 0.4872 -0.7412
vn -0.4794 0.5055 -0.7174
vn -0.4191 0.5063 -0.7536
vn -0.5447 0.3442 -0.7648
vn -0.5663 0.3943 -0.7237
vn -0.5293 0.3980 -0.7493
vn 0.1653 -0.5644 -0.8088
vn 0.0672 -0.4563 -0.8873
vn 0.1858 -0.5008 -0.8454
vn 0.1140 -0.6022 -0.7901
vn 0.0196 -0.5242 -0.8514
vn 0.0190 -0.3675 -0.9298
vn 0.0504 -0.3232 -0.9450
vn 0.3761 0.2503 -0.8921
vn 0.4452 0.2329 -0.8646
vn 0.3804 0.2489 -0.8907
vn 0.4234 0.2624 -0.8671
vn 0.4543 0.3036 -0.8375
vn 0.5396 -0.1846 -0.8214
vn 0.5135 -0.3607 -0.7786
vn 0.6338 -0.1467 -0.7594
vn 0.5604 -0.1573 -0.8132
vn 0.6667 -0.3095 -0.6780
vn 0.5551 -0.2299 -0.7993
vn -0.3764 -0.3648 -0.8516
vn -0.4310 -0.3555 -0.8294
vn -0.3102 -0.2920 -0.9047
vn -0.3124 -0.3162 -0.8958
vn -0.4206 -0.3470 -0.8383
vn -0.1137 -0.0834 -0.9900
vn -0.2528 -0.1669 -0.9530
vn -0.2398 -0.1906 -0.9519
vn -0.3287 -0.2234 -0.9176
vn 0.0025 -0.1005 -0.9949
vn 0.0083 0.0405 -0.9991
vn 0.0263 -0.0059 -0.9996
vn 0.0252 -0.1086 -0.9938
vn -0.0123 -0.2266 -0.9739
vn 0.0179 -0.2917 -0.9563
vn 0.0031 -0.2624 -0.9649
vn -0.0126 -0.1236 -0.9923
vn -0.2468 -0.4459 0.8604
vn -0.0958 -0.4878 0.8677
vn -0.2265 -0.4246 0.8766
vn -0.3022 -0.4148 0.8583
vn -0.2961 -0.4091 0.8631
vn -0.3156 -0.3945 0.8630
vn -0.2041 -0.5170 0.8313
vn -0.2340 -0.5032 0.8319
vn -0.2666 -0.5208 0.8110
vn -0.2666 -0.5212 0.8107
vn -0.2554 -0.3287 0.9092
vn -0.2163 -0.6675 0.7125
vn -0.1469 -0.7264 0.6713
vn -0.1133 -0.6123 0.7825
vn -0.3106 -0.3653 0.8775
vn -0.5030 -0.4758 0.7215
vn -0.4525 -0.4800 0.7516
vn -0.3641 -0.4317 0.8253
vn -0.4332 -0.6239 0.6504
vn -0.4943 -0.5401 0.6811
vn 0.6772 -0.6231 0.3912
vn 0.6507 -0.6222 0.4353
vn 0.6180 -0.5758 0.5353
vn 0.6048 -0.6137 0.5075
vn 0.6303 -0.5643 0.5331
vn 0.6934 -0.4737 0.5429
vn 0.7380 -0.5161 0.4347
vn 0.7582 -0.5012 0.4170
vn -0.1319 -0.6682 0.7322
vn -0.1611 -0.6474 0.7449
vn -0.2053 -0.6280 0.7506
vn -0.2712 -0.6316 0.7263
vn -0.2865 -0.5840 0.7595
vn -0.1104 -0.7176 0.6877
vn -0.0782 -0.8075 0.5846
vn -0.1079 -0.7266 0.6785
vn -0.1666 -0.7704 0.6155
vn 0.0002 -0.8507 0.5256
vn -0.0138 -0.8159 0.5780
vn -0.0220 -0.8899 0.4556
vn -0.0431 -0.9496 0.3106
vn -0.1031 -0.9163 0.3869
vn -0.1058 -0.8428 0.5278
vn -0.1515 -0.8729 0.4638
vn -0.1768 -0.9009 0.3963
vn -0.1499 -0.9431 0.2968
vn -0.1842 -0.8718 0.4539
vn -0.1954 -0.8628 0.4663
vn -0.2217 -0.8711 0.4382
vn -0.2692 -0.8065 0.5263
vn -0.7716 0.5444 0.3290
vn -0.7428 0.6374 0.2046
vn -0.7477 0.6121 0.2574
vn -0.8041 0.2403 0.5438
vn -0.8391 0.3573 0.4102
vn -0.8816 0.2479 0.4016
vn -0.8064 0.3879 0.4464
vn -0.8085 0.4478 0.3819
vn -0.8779 0.3664 0.3082
vn -0.7407 0.2137 0.6369
vn -0.7877 0.3367 0.5160
vn -0.7889 0.4105 0.4572
vn -0.0075 0.4987 -0.8668
vn -0.0647 0.7107 -0.7005
vn 0.1051 -0.1523 -0.9827
vn 0.2181 -0.1955 -0.9561
vn 0.1357 -0.1158 -0.9840
vn 0.1940 -0.1701 -0.9662
vn 0.1129 -0.1736 -0.9783
vn 0.1263 -0.3887 -0.9127
vn 0.2561 -0.6556 0.7104
vn 0.3108 -0.7159 0.6252
vn 0.3439 -0.5494 0.7615
vn 0.2879 -0.4689 0.8350
vn 0.3904 -0.4190 0.8198
vn 0.3961 -0.6122 0.6843
vn 0.3279 -0.3181 0.8896
vn 0.3613 -0.3098 0.8795
vn 0.3661 -0.2900 0.8842
vn 0.4444 -0.3724 0.8148
vn 0.3429 -0.3170 0.8842
vn 0.2485 -0.2775 0.9280
vn 0.0133 -0.3776 0.9259
vn 0.2320 -0.3472 0.9087
vn 0.1560 -0.7488 0.6441
vn 0.0734 -0.7529 0.6540
vn 0.0960 -0.8767 0.4713
vn 0.2581 -0.8517 0.4561
vn 0.1956 -0.8110 0.5514
vn 0.2344 -0.8314 0.5038
vn -0.0040 -0.7110 0.7032
vn 0.4637 -0.7985 0.3840
vn 0.3794 -0.8242 0.4205
vn 0.4264 -0.8471 0.3173
vn 0.3640 -0.7543 0.5463
vn 0.1782 -0.8400 0.5125
vn 0.3305 0.5663 -0.7551
vn 0.2872 0.6920 -0.6623
vn 0.4307 0.7264 -0.5355
vn 0.3558 0.5572 -0.7503
vn 0.2269 0.5293 -0.8175
vn 0.0635 0.4162 -0.9070
vn 0.1014 0.6632 -0.7416
vn 0.0292 0.7214 -0.6919
vn 0.4521 -0.4779 -0.7532
vn 0.6029 -0.3242 -0.7290
vn 0.5704 -0.3323 -0.7511
vn 0.5969 -0.3365 -0.7284
vn 0.4928 -0.3269 -0.8064
vn 0.7393 -0.4312 -0.5172
vn 0.5368 -0.3820 -0.7523
vn -0.0580 -0.7441 -0.6655
vn -0.0318 -0.6768 -0.7355
vn -0.1087 -0.5948 -0.7965
vn -0.0566 -0.6893 -0.7223
vn 0.0533 -0.6935 -0.7185
vn 0.0027 -0.6517 -0.7585
vn 0.0558 -0.6633 -0.7463
vn 0.0037 -0.6620 -0.7495
vn -0.0304 -0.6177 -0.7858
vn 0.0622 -0.8673 -0.4938
vn 0.0036 -0.7102 -0.7040
vn 0.0642 -0.9887 -0.1356
vn -0.0188 -0.8632 -0.5045
vn -0.5586 0.2604 -0.7875
vn -0.4931 0.4708 -0.7316
vn -0.4327 0.5809 -0.6894
vn -0.5484 0.1591 -0.8209
vn -0.7106 0.2719 -0.6490
vn -0.5932 0.0452 -0.8038
vn -0.9248 0.2036 -0.3214
vn -0.7881 0.2433 -0.5654
vn -0.8654 0.2836 -0.4131
vn -0.7311 0.3285 -0.5979
vn -0.4688 0.8558 0.2186
vn -0.3632 0.8990 0.2448
vn -0.2332 0.9135 0.3335
vn -0.0743 0.9599 0.2702
vn -0.0946 0.9241 0.3702
vn -0.0635 0.8759 0.4783
vn -0.0336 0.8944 0.4460
vn -0.0365 0.9993 0.0025
vn -0.1373 0.9628 0.2329
vn -0.1455 0.9882 -0.0469
vn -0.1860 0.9559 0.2273
vn -0.1975 0.9317 -0.3047
vn -0.2291 0.9713 -0.0642
vn -0.1105 0.9376 -0.3298
vn 0.2286 -0.7102 -0.6659
vn 0.4107 -0.6019 -0.6849
vn 0.3810 -0.5480 -0.7446
vn 0.2735 -0.6954 -0.6645
vn 0.2479 -0.7247 -0.6429
vn 0.3054 -0.5864 -0.7502
vn 0.4990 -0.7995 -0.3344
vn 0.4379 -0.8679 -0.2345
vn 0.0267 0.9247 0.3797
vn 0.0432 0.9503 0.3083
vn 0.4053 0.9125 0.0562
vn 0.3506 0.9325 0.0872
vn 0.3470 0.9289 0.1291
vn 0.1472 0.9696 0.1956
vn 0.3844 0.9232 -0.0050
vn 0.2895 0.9506 0.1123
vn 0.3728 0.8988 -0.2306
vn 0.2698 0.9367 -0.2233
vn 0.3202 0.9454 -0.0614
vn 0.4607 0.8867 -0.0392
vn 0.5018 0.8650 0.0049
vn 0.4261 0.8115 -0.3999
vn 0.4647 0.8344 -0.2963
vn 0.3168 0.8510 -0.4188
vn -0.2128 0.3077 -0.9274
vn -0.2991 0.2909 -0.9088
vn -0.0115 0.2380 -0.9712
vn 0.0072 0.3152 -0.9490
vn 0.0028 0.3616 -0.9323
vn 0.0280 0.2289 -0.9730
vn 0.0161 0.1571 -0.9874
vn 0.0218 0.1534 -0.9879
vn 0.0086 0.0544 -0.9985
vn -0.1532 0.6135 0.7747
vn -0.2361 0.5447 0.8047
vn -0.1772 0.6100 0.7723
vn -0.2070 0.5338 0.8199
vn -0.2786 0.4460 0.8506
vn -0.2439 0.4087 0.8795
vn -0.1265 0.5390 0.8328
vn -0.1420 0.3498 0.9260
vn -0.1533 0.6399 0.7530
vn -0.1483 0.6501 0.7452
vn -0.0520 0.6060 0.7937
vn -0.0909 0.7020 0.7063
vn -0.1089 0.5543 0.8252
vn -0.1540 0.4728 0.8676
vn -0.4702 0.5930 0.6537
vn 0.7065 0.4134 0.5744
vn 0.6335 0.6895 0.3511
vn 0.5551 0.8128 0.1767
vn 0.5923 0.7720 0.2308
vn 0.5373 0.7641 0.3570
vn 0.5802 0.7077 0.4031
vn 0.5503 0.6979 0.4583
vn 0.4892 0.8384 0.2404
vn 0.5290 0.6837 0.5026
vn 0.7226 0.6814 0.1167
vn 0.5086 0.7497 0.4234
vn 0.4442 0.6048 0.6610
vn 0.6323 0.6712 0.3870
vn 0.4436 0.8565 0.2638
vn 0.2653 0.7717 0.5780
vn -0.8258 -0.1806 0.5343
vn -0.8767 -0.0745 0.4752
vn -0.8895 0.0366 0.4555
vn -0.8540 -0.2958 0.4280
vn -0.7885 -0.2471 0.5633
vn 0.1002 0.1828 -0.9780
vn 0.0378 0.2353 -0.9712
vn 0.1294 0.2093 -0.9692
vn 0.2050 0.1516 -0.9670
vn 0.3643 0.2330 -0.9017
vn 0.2828 0.1802 -0.9421
vn 0.3277 0.2836 -0.9012
vn 0.1840 0.0699 -0.9804
vn 0.2622 0.5558 0.7889
vn 0.3432 0.4926 0.7997
vn 0.0663 0.6528 0.7546
vn -0.0241 0.6758 0.7367
vn 0.1266 0.5986 0.7910
vn 0.3102 0.6373 0.7054
vn 0.0608 0.8255 0.5611
vn 0.4323 0.2597 -0.8635
vn 0.4406 0.1466 -0.8856
vn 0.4581 0.4635 -0.7585
vn 0.5828 0.4428 -0.6814
vn 0.5069 0.6975 -0.5065
vn 0.5508 0.6692 -0.4988
vn 0.5670 0.5598 -0.6043
vn 0.5642 0.5668 -0.6004
vn 0.5771 0.5303 -0.6210
vn 0.5266 0.6417 -0.5576
vn 0.5501 0.5509 -0.6276
vn -0.9032 -0.2820 -0.3237
vn -0.0772 -0.0223 -0.9968
vn -0.2797 -0.2295 -0.9322
vn -0.3646 -0.0687 -0.9286
vn -0.0057 -0.1994 -0.9799
vn -0.0056 -0.1333 -0.9911
vn 0.0022 -0.2172 -0.9761
vn -0.3342 -0.3231 0.8854
vn -0.3193 -0.2830 0.9044
vn -0.3172 -0.3373 0.8863
vn -0.2837 0.2977 0.9115
vn -0.3012 0.1860 0.9352
vn -0.1908 -0.0104 0.9816
vn -0.3426 -0.0494 0.9382
vn -0.2796 0.4395 0.8536
vn -0.3212 0.0524 0.9455
vn -0.2897 0.0540 0.9556
vn -0.3227 0.0523 0.9450
vn -0.3439 -0.2830 0.8953
vn -0.2983 -0.3446 0.8901
vn -0.2611 -0.2635 0.9286
vn -0.5956 -0.0589 0.8011
vn -0.4598 0.0721 0.8851
vn -0.6300 -0.2364 0.7397
vn -0.2918 0.0335 0.9559
vn -0.3997 -0.1025 0.9109
vn -0.3314 -0.1712 0.9278
vn -0.2745 0.2474 0.9292
vn 0.7220 -0.4431 0.5313
vn 0.7425 -0.4367 0.5080
vn 0.7276 -0.5317 0.4334
vn 0.7813 -0.4387 0.4438
vn 0.7600 0.2650 0.5934
vn 0.8025 0.0016 0.5966
vn 0.7407 0.2593 0.6198
vn 0.8015 -0.1076 0.5883
vn 0.8118 -0.2477 0.5288
vn 0.6893 -0.4513 0.5668
vn 0.7574 -0.4130 0.5057
vn 0.8988 0.0270 0.4375
vn 0.8033 0.2177 0.5543
vn 0.6459 0.0278 0.7629
vn 0.8199 -0.0334 0.5715
vn 0.7126 -0.2157 0.6676
vn 0.5629 -0.3729 0.7376
vn 0.7232 -0.4697 0.5064
vn 0.4425 0.0714 0.8939
vn 0.5122 -0.0242 0.8585
vn 0.2288 -0.1172 -0.9664
vn 0.1925 0.0034 -0.9813
vn 0.3411 -0.0044 -0.9400
vn 0.1324 -0.0131 -0.9911
vn 0.3178 -0.3790 0.8691
vn 0.3756 -0.4382 0.8166
vn 0.3437 0.3334 0.8779
vn 0.3102 0.1395 0.9404
vn 0.3731 -0.0799 0.9244
vn 0.3000 -0.1897 0.9349
vn 0.2831 -0.0228 0.9588
vn 0.2556 -0.3183 0.9129
vn 0.3732 -0.3623 0.8541
vn 0.4421 -0.2903 0.8487
vn 0.2423 0.2574 0.9354
vn 0.1380 0.2428 0.9602
vn 0.0738 0.2440 0.9670
vn 0.2017 -0.0201 0.9792
vn 0.0901 -0.2006 0.9755
vn -0.0526 0.4784 0.8766
vn -0.0736 0.3032 0.9501
vn -0.1078 0.0167 0.9940
vn 0.2163 -0.3114 0.9253
vn 0.5166 0.0554 -0.8545
vn 0.4753 -0.0553 -0.8781
vn 0.5716 0.0515 -0.8189
vn 0.5103 -0.0122 -0.8599
vn 0.7360 0.1347 -0.6635
vn 0.7638 -0.0154 -0.6453
vn 0.6831 -0.0263 -0.7299
vn 0.8748 0.1537 -0.4595
vn 0.5939 -0.1658 -0.7873
vn 0.6331 -0.3062 -0.7109
vn 0.7977 -0.2631 -0.5427
vn 0.8678 -0.2676 -0.4186
vn 0.8271 -0.2686 -0.4937
vn -0.6365 -0.6595 0.4000
vn -0.6307 -0.6558 0.4149
vn -0.7576 -0.4244 0.4960
vn -0.3659 -0.6371 0.6784
vn -0.4441 -0.6534 0.6130
vn -0.5563 -0.6839 0.4720
vn -0.4766 -0.6881 0.5471
vn -0.4250 -0.6381 0.6421
vn -0.5587 -0.7098 0.4289
vn -0.5777 -0.6819 0.4486
vn -0.3295 -0.7096 0.6228
vn -0.3847 -0.7917 0.4745
vn -0.4493 -0.7304 0.5144
vn -0.4624 -0.7166 0.5221
vn -0.3992 -0.7107 0.5793
vn -0.3979 -0.2922 -0.8697
vn -0.3929 -0.2662 -0.8802
vn -0.5513 -0.3313 -0.7657
vn -0.4346 -0.2814 -0.8555
vn -0.4101 -0.3436 -0.8449
vn -0.3849 -0.5325 -0.7539
vn -0.4473 -0.4457 -0.7754
vn -0.5635 -0.6900 -0.4543
vn -0.5403 -0.4833 -0.6889
vn -0.4620 -0.6484 -0.6051
vn -0.5511 -0.4236 -0.7189
vn -0.6978 -0.5778 -0.4233
vn -0.6483 -0.6499 -0.3967
vn -0.6997 -0.4957 -0.5145
vn 0.7765 -0.6292 -0.0345
vn 0.7082 -0.7054 -0.0290
vn 0.6262 -0.7778 -0.0542
vn 0.6690 -0.7251 0.1632
vn 0.6216 -0.7764 0.1041
vn 0.5860 -0.8027 -0.1105
vn 0.5534 -0.8296 0.0742
vn 0.4792 -0.8749 0.0698
vn 0.5259 -0.8356 -0.1585
vn 0.7544 -0.6182 0.2206
vn 0.6076 -0.7605 0.2290
vn 0.6536 -0.6735 -0.3452
vn 0.8341 -0.3515 -0.4251
vn 0.8655 -0.4229 -0.2685
vn 0.9055 -0.4195 0.0640
vn 0.8778 -0.4696 -0.0949
vn 0.9174 -0.3848 -0.1014
vn 0.7615 -0.5450 -0.3508
vn 0.8179 -0.5748 -0.0254
vn 0.7790 -0.6267 0.0219
vn -0.3073 -0.9464 0.0993
vn -0.3752 -0.8975 0.2319
vn -0.4156 -0.9087 0.0385
vn -0.4158 -0.8153 0.4031
vn -0.4939 -0.8240 0.2776
vn -0.5218 -0.7837 0.3369
vn -0.2432 -0.9693 -0.0368
vn -0.2786 -0.8616 0.4243
vn -0.6168 -0.7814 0.0945
vn -0.4620 -0.8782 -0.1242
vn -0.4638 -0.8726 -0.1531
vn 0.0993 -0.9795 0.1752
vn -0.0102 -0.9527 0.3038
vn 0.0049 -0.9831 0.1830
vn -0.0258 -0.9902 -0.1376
vn -0.0750 -0.9634 0.2575
vn -0.1231 -0.9918 0.0332
vn 0.2000 -0.9796 -0.0209
vn 0.0264 -0.9322 0.3610
vn -0.0680 -0.9460 0.3168
vn -0.0803 -0.9333 0.3500
vn -0.0783 -0.9442 0.3199
vn -0.0819 -0.9237 0.3743
vn -0.1451 -0.8154 0.5603
vn -0.2323 -0.8043 0.5469
vn -0.8796 0.4733 -0.0479
vn -0.8026 0.4755 -0.3602
vn -0.8558 0.4722 0.2111
vn -0.9741 0.1979 -0.1094
vn -0.9531 0.2778 0.1200
vn -0.9423 0.3314 -0.0473
vn -0.9303 0.3187 -0.1816
vn -0.8626 0.3787 -0.3353
vn -0.9147 0.3803 0.1371
vn -0.9167 0.3992 0.0151
vn -0.9173 0.3912 0.0741
vn -0.9114 0.4068 -0.0614
vn -0.9432 0.2238 0.2454
vn -0.9952 0.0714 0.0666
vn 0.2719 -0.9581 0.0905
vn 0.3810 -0.9141 -0.1388
vn 0.3409 -0.9363 0.0847
vn 0.2812 -0.9383 0.2014
vn 0.3721 -0.9179 0.1381
vn 0.3747 -0.9250 0.0634
vn 0.4343 -0.8664 0.2465
vn 0.3567 -0.9021 0.2427
vn 0.4971 -0.8162 0.2944
vn -0.1651 0.8448 0.5090
vn -0.2478 0.8517 0.4618
vn -0.1321 0.7578 0.6390
vn -0.3692 0.8787 0.3025
vn -0.5840 0.7564 0.2948
vn -0.5151 0.8276 0.2230
vn -0.4078 0.7000 0.5863
vn -0.0661 0.8142 0.5767
vn -0.0768 0.7784 0.6231
vn -0.0687 0.7467 0.6616
vn -0.1079 0.8782 0.4659
vn 0.4271 0.8906 0.1564
vn 0.3852 0.9060 0.1752
vn 0.1968 0.9303 0.3095
vn 0.0347 0.9135 0.4054
vn 0.1985 0.9688 0.1483
vn 0.1945 0.9693 0.1501
vn 0.0969 0.9812 0.1671
vn 0.4858 0.8405 0.2398
vn 0.5061 0.8458 0.1686
vn 0.7013 0.7025 -0.1212
vn 0.7492 0.6609 0.0427
vn 0.8048 0.5712 -0.1616
vn 0.8268 0.5601 -0.0516
vn 0.6385 0.7685 0.0412
vn 0.7599 0.5495 -0.3473
vn 0.6340 0.7165 -0.2911
vn 0.6149 0.6766 -0.4051
vn 0.5379 0.8398 -0.0736
vn 0.5074 0.8544 -0.1121
vn 0.5466 0.7867 -0.2870
vn 0.5733 0.7514 -0.3267
vn 0.5412 0.7843 -0.3032
vn 0.5800 0.8145 0.0114
vn 0.6134 0.7652 -0.1956
vn 0.5303 0.7150 -0.4556
vn 0.4931 0.8381 0.2333
vn 0.4310 0.8964 0.1039
vn 0.5517 0.8323 -0.0536
vn 0.5430 0.8029 0.2459
vn 0.5624 0.7340 0.3807
vn 0.5202 0.7544 0.4003
vn -0.9859 -0.1535 -0.0660
vn -0.9580 -0.2763 -0.0764
vn -0.9530 -0.1147 -0.2803
vn -0.9078 -0.3797 0.1782
vn -0.9202 -0.3856 -0.0673
vn 0.9653 -0.2465 0.0863
vn 0.9445 -0.3196 0.0759
vn 0.9723 -0.2244 0.0656
vn 0.8738 -0.3506 -0.3370
vn 0.8686 -0.3207 -0.3778
vn 0.8524 -0.3359 -0.4008
vn 0.9710 0.1939 -0.1402
vn 0.9949 0.0581 0.0827
vn 0.9634 -0.2344 0.1297
vn 0.9411 0.3197 0.1102
vn 0.9097 0.2724 -0.3133
vn 0.8345 0.2857 -0.4712
vn 0.9157 0.1703 0.3639
vn 0.9052 0.2461 0.3464
vn 0.8150 0.3704 0.4456
vn -0.6885 -0.5977 0.4108
vn -0.8811 -0.4689 -0.0613
vn -0.8629 -0.4576 0.2142
vn -0.6504 -0.7027 0.2885
vn -0.6600 -0.6818 0.3154
vn -0.6761 -0.6396 0.3659
vn -0.5170 -0.6635 0.5408
vn -0.5407 -0.6687 0.5104
vn -0.5774 -0.6410 0.5058
vn -0.7926 -0.5939 0.1383
vn -0.5623 -0.8268 -0.0117
vn -0.6916 -0.7210 0.0419
vn -0.7661 -0.6382 -0.0761
vn -0.7783 -0.6162 -0.1207
vn -0.4859 -0.6937 0.5316
vn -0.4213 -0.6944 0.5834
vn -0.6181 -0.6321 0.4673
vn -0.6481 -0.6207 0.4411
vn -0.4391 0.7618 -0.4763
vn -0.4778 0.6184 -0.6239
vn 0.0192 0.9455 -0.3252
vn -0.0530 0.8439 -0.5339
vn -0.0789 0.7360 -0.6724
vn -0.1353 0.8175 -0.5597
vn -0.1940 0.8314 -0.5207
vn -0.0395 0.7231 -0.6896
vn -0.0873 0.7967 -0.5981
vn -0.0389 0.7696 -0.6373
vn -0.1367 0.7859 -0.6030
vn 0.1488 0.7561 -0.6373
vn 0.0853 0.7877 -0.6101
vn 0.2299 0.8527 -0.4691
vn 0.1897 0.9552 -0.2270
vn 0.3758 0.7698 -0.5160
vn 0.4855 0.7467 -0.4547
vn 0.2377 0.7887 -0.5670
vn 0.3524 -0.3501 -0.8679
vn 0.2461 -0.2299 -0.9416
vn 0.5742 -0.3319 -0.7484
vn 0.3765 -0.2077 -0.9029
vn 0.3758 -0.3046 -0.8752
vn 0.6561 -0.3802 -0.6520
vn -0.0143 -0.3247 -0.9457
vn -0.0014 -0.4267 -0.9044
vn -0.3397 0.2217 -0.9140
vn -0.3623 0.3352 -0.8697
vn -0.3486 0.4691 -0.8114
vn -0.4648 0.3256 -0.8234
vn -0.4913 0.2811 -0.8244
vn -0.3363 0.1063 -0.9357
vn 0.2233 -0.3595 -0.9060
vn 0.1455 -0.5152 -0.8446
vn 0.2309 -0.5470 -0.8047
vn 0.3148 -0.5774 -0.7533
vn 0.2607 -0.5149 -0.8166
vn 0.3813 0.2002 -0.9025
vn 0.3925 0.3028 -0.8685
vn -0.3756 -0.2275 -0.8984
vn -0.5199 -0.2632 -0.8126
vn 0.5256 0.0399 -0.8498
vn -0.3935 -0.2510 -0.8844
vn -0.2047 -0.3573 0.9113
vn -0.1843 -0.4595 0.8689
vn -0.1802 -0.6237 0.7606
vn -0.2191 -0.5658 0.7949
vn -0.2800 -0.7261 0.6280
vn -0.2456 -0.4054 0.8805
vn -0.3125 -0.4051 0.8592
vn -0.2357 -0.9245 0.2997
vn -0.2659 -0.9167 0.2984
vn -0.2951 -0.9034 0.3111
vn -0.3269 -0.9046 0.2735
vn -0.2642 -0.9510 0.1604
vn -0.2701 -0.9259 0.2640
vn -0.2289 -0.9643 0.1328
vn -0.0948 -0.7223 -0.6851
vn -0.0981 -0.8285 -0.5513
vn -0.2132 -0.8282 -0.5182
vn -0.1289 -0.9754 -0.1788
vn -0.2849 0.9580 0.0330
vn -0.2289 0.9571 0.1775
vn -0.2587 0.9187 -0.2984
vn -0.2711 0.9369 0.2207
vn -0.1279 0.4962 0.8588
vn -0.2271 0.4756 0.8498
vn -0.1507 0.5596 0.8150
vn -0.2449 0.2707 0.9310
vn -0.0001 -0.1561 -0.9877
vn -0.0594 -0.1607 -0.9852
vn -0.0317 -0.1130 -0.9931
vn -0.2520 -0.1946 0.9480
vn -0.2298 -0.2226 0.9474
vn -0.2094 -0.3178 0.9247
vn -0.2461 -0.3189 0.9153
vn -0.2760 -0.3161 0.9077
vn -0.2760 -0.3279 0.9035
vn -0.2967 -0.8100 0.5059
vn -0.3532 -0.7304 0.5846
vn -0.3310 -0.6838 0.6503
vn -0.1582 0.8120 -0.5619
vn -0.1918 0.7935 -0.5775
vn -0.2555 0.8234 -0.5067
vn 0.0306 0.0375 -0.9988
vn -0.0090 -0.0097 -0.9999
vn -0.0286 -0.0331 -0.9990
vn -0.3038 -0.3813 0.8731
vn -0.3493 -0.6256 0.6976
vn -0.3267 -0.7055 0.6289
vn -0.2974 -0.5923 0.7488
vn -0.3623 -0.5651 0.7412
vn -0.3087 -0.6775 0.6676
vn -0.3150 -0.6922 0.6493
vn -0.3755 -0.7073 0.5989
vn -0.2001 0.9386 0.2810
vn -0.1525 0.9317 0.3296
vn -0.0087 0.2660 -0.9639
vn -0.0011 0.1182 -0.9930
vn -0.0894 0.6209 0.7787
vn -0.1000 0.6606 0.7441
vn -0.1091 0.7620 0.6383
vn -0.2597 0.0233 0.9654
vn -0.1224 -0.9101 0.3958
vn -0.1712 -0.9559 0.2388
vn -0.2196 -0.8830 0.4149
vn -0.3020 -0.7966 0.5237
vn -0.1630 0.8811 0.4440
vn -0.2517 0.9336 0.2552
vn -0.1208 -0.2826 -0.9516
vn -0.4638 -0.6671 0.5829
vn -0.4426 -0.6591 0.6080
vn -0.4405 -0.8008 0.4059
vn 0.5536 -0.6202 0.5558
vn -0.2332 -0.9548 0.1841
vn -0.6462 0.4476 0.6182
vn -0.2212 0.7543 -0.6181
vn -0.1528 0.5892 -0.7934
vn -0.2301 0.5447 -0.8064
vn -0.3620 0.7489 -0.5550
vn -0.3641 0.7206 -0.5901
vn 0.0567 -0.5522 0.8318
vn -0.0917 -0.6112 0.7862
vn 0.0002 -0.9488 0.3160
vn 0.0536 -0.9164 0.3967
vn 0.1160 -0.9233 0.3661
vn 0.0118 0.5946 -0.8039
vn 0.4990 -0.4193 -0.7584
vn 0.5328 -0.6690 -0.5182
vn 0.4786 -0.6074 -0.6340
vn 0.6147 -0.6161 -0.4926
vn 0.5429 -0.7754 -0.3225
vn -0.2652 -0.8954 -0.3576
vn -0.3128 -0.8734 -0.3732
vn -0.4840 -0.7197 -0.4978
vn 0.2226 0.9717 0.0796
vn 0.2220 0.9514 0.2133
vn -0.6322 0.1601 0.7581
vn 0.6111 0.5562 0.5632
vn 0.6845 0.5332 0.4971
vn 0.0553 0.1001 -0.9934
vn -0.0850 0.6708 0.7368
vn 0.0616 0.5276 0.8473
vn 0.4761 0.5193 -0.7097
vn 0.4742 0.5489 -0.6884
vn 0.7508 0.5421 -0.3774
vn -0.8219 0.1329 -0.5539
vn -0.3832 -0.3084 0.8706
vn 0.5869 -0.5789 0.5661
vn 0.6311 -0.3459 -0.6943
vn 0.7512 -0.3368 -0.5677
vn -0.5762 -0.6497 0.4958
vn -0.5186 -0.6352 0.5723
vn -0.5822 -0.6512 0.4867
vn 0.6307 -0.6941 0.3470
vn 0.6394 -0.6840 0.3512
vn 0.6273 -0.6964 0.3486
vn 0.5982 -0.7505 0.2809
vn 0.2654 -0.8976 0.3518
vn 0.3243 -0.8803 0.3464
vn -0.4619 0.8709 0.1681
vn -0.2715 0.9273 0.2578
vn 0.7359 0.5553 0.3875
vn 0.8908 0.3139 0.3284
vn 0.6461 0.7494 0.1450
vn 0.6590 0.5401 0.5234
vn 0.7813 0.4316 0.4509
vn 0.4672 -0.5430 -0.6978
vn 0.0798 -0.7075 -0.7022
vn -0.1244 -0.7435 0.6570
vn -0.2194 -0.3705 0.9025
vn -0.3032 -0.3619 0.8815
vn 0.7104 -0.6059 0.3580
vn -0.3117 -0.7775 0.5463
vn -0.2282 -0.7944 0.5628
vn -0.1265 -0.6659 0.7352
vn -0.1644 -0.7679 0.6192
vn -0.1415 -0.8595 0.4911
vn -0.2857 -0.6697 0.6855
vn -0.1103 -0.7407 0.6627
vn -0.1984 -0.9030 0.3810
vn -0.0984 -0.8113 0.5763
vn -0.7923 0.5103 0.3344
vn -0.8186 0.3178 0.4785
vn 0.1299 -0.3480 0.9284
vn 0.1229 -0.3792 0.9171
vn 0.1231 -0.3781 0.9175
vn 0.1157 -0.4101 0.9047
vn 0.0229 -0.7362 0.6764
vn 0.2248 -0.8331 0.5054
vn 0.1915 0.3177 -0.9287
vn 0.3740 0.3868 -0.8430
vn 0.1705 -0.7556 -0.6325
vn 0.0882 -0.7434 -0.6630
vn 0.1266 0.9467 0.2962
vn 0.0795 0.9336 0.3493
vn 0.0758 0.9457 0.3162
vn 0.1313 0.9658 0.2236
vn 0.2982 0.9479 0.1119
vn 0.2975 0.9478 0.1148
vn 0.2411 0.9566 0.1639
vn 0.1168 0.9670 0.2262
vn 0.4387 0.8967 -0.0585
vn 0.2849 0.9578 0.0388
vn -0.1257 0.6717 0.7301
vn -0.0696 0.7050 0.7058
vn 0.5536 0.6512 0.5191
vn 0.5680 0.6702 0.4777
vn 0.5496 0.7514 0.3651
vn 0.5765 0.6755 0.4597
vn 0.4325 0.3041 -0.8488
vn 0.4555 0.3615 -0.8135
vn 0.4465 0.2598 -0.8562
vn 0.5332 0.6049 -0.5914
vn 0.5778 0.5165 -0.6320
vn 0.5760 0.5112 -0.6378
vn 0.5109 0.4049 -0.7583
vn 0.5151 0.5899 -0.6219
vn -0.5755 -0.1307 -0.8073
vn -0.3001 0.1735 0.9380
vn -0.3520 0.0508 0.9346
vn -0.2986 -0.0359 0.9537
vn -0.2974 0.1838 0.9369
vn -0.3134 -0.1082 0.9434
vn -0.2885 -0.3194 0.9026
vn -0.3016 -0.3453 0.8887
vn -0.4032 0.0797 0.9116
vn 0.2633 0.2042 0.9428
vn 0.2805 -0.0525 0.9584
vn 0.1430 0.2592 0.9552
vn 0.0307 0.1020 0.9943
vn 0.1843 -0.2112 0.9599
vn 0.0710 -0.2499 0.9657
vn 0.4573 0.0982 -0.8839
vn 0.8589 -0.0759 -0.5064
vn 0.9443 -0.0786 -0.3196
vn 0.9481 -0.1468 -0.2821
vn -0.6376 -0.6580 0.4005
vn -0.4307 -0.7360 0.5223
vn -0.4625 -0.7131 0.5268
vn -0.4106 -0.3558 -0.8395
vn -0.7724 -0.6036 -0.1976
vn 0.6978 -0.6766 -0.2352
vn 0.5852 -0.7826 -0.2124
vn 0.8301 -0.5455 0.1156
vn 0.9078 -0.4121 0.0781
vn -0.0837 -0.9110 0.4038
vn -0.1056 -0.8727 0.4767
vn -0.1103 -0.9502 0.2915
vn -0.1823 -0.7931 0.5812
vn -0.8610 0.5083 0.0171
vn -0.8240 0.5648 0.0445
vn -0.9830 0.0195 -0.1823
vn 0.2733 -0.9574 0.0928
vn -0.2663 0.8678 0.4196
vn -0.4462 0.7630 0.4677
vn 0.6928 0.6751 -0.2536
vn 0.7118 0.6752 -0.1935
vn 0.6786 0.6735 -0.2930
vn 0.7589 0.6496 0.0465
vn 0.8270 0.5511 -0.1107
vn 0.6629 0.7401 -0.1132
vn 0.8825 0.4460 0.1492
vn 0.7756 0.5436 -0.3209
vn 0.6536 0.6686 -0.3546
vn 0.5247 0.8069 -0.2713
vn 0.5860 0.8090 0.0460
vn 0.4953 0.8631 0.0988
vn 0.5423 0.8182 0.1907
vn 0.5305 0.8021 0.2744
vn 0.5685 0.7688 0.2929
vn 0.5403 0.7237 0.4295
vn 0.9689 -0.2136 -0.1246
vn 0.9599 -0.2676 -0.0837
vn 0.9598 -0.2656 -0.0910
vn 0.9727 0.1303 0.1921
vn 0.9762 0.1071 0.1885
vn 0.9798 0.1553 0.1257
vn 0.9874 0.1117 -0.1122
vn 0.9268 0.3705 -0.0617
vn 0.9624 -0.0893 0.2565
vn 0.9064 0.2432 0.3454
vn -0.8108 -0.5304 0.2477
vn -0.8956 -0.4306 0.1119
vn -0.8212 -0.5520 0.1447
vn -0.8734 -0.4391 -0.2107
vn -0.5851 -0.7114 0.3893
vn -0.6827 -0.6182 0.3896
vn 0.1378 0.8989 -0.4160
vn 0.1758 0.7729 -0.6097
vn 0.2990 0.8008 -0.5190
vn -0.1883 -0.2980 -0.9358
vn 0.2218 -0.5249 -0.8218
vn 0.3762 0.4161 -0.8279
vn 0.4813 0.4121 -0.7736
vn 0.4804 0.3331 -0.8113
vn 0.5474 0.2202 -0.8074
vn -0.3185 -0.5885 0.7432
vn -0.2916 -0.8260 0.4824
vn -0.1846 -0.8745 0.4485
vn -0.3200 -0.7939 0.5171
vn -0.2737 -0.7795 0.5634
vn -0.2273 -0.8729 0.4318
vn -0.2350 -0.8833 0.4055
vn -0.2240 -0.8683 0.4425
vn -0.1862 -0.8966 0.4019
vn -0.3765 -0.6535 0.6566
vn -0.2168 -0.8580 0.4657
usemtl Material.003
s 1
f 2/1/1 3/2/2 1/3/3
f 3/2/2 268/4/4 1/3/3
f 7/5/5 9/6/6 8/7/7
f 6/8/8 8/7/8 10/9/8
f 10/9/9 11/10/10 325/11/11
f 14/12/12 12/13/13 13/14/14
f 14/12/15 16/15/15 12/13/15
f 309/16/16 14/12/17 13/14/14
f 15/17/18 16/15/19 17/18/20
f 307/19/21 12/13/22 304/20/23
f 11/21/10 19/22/24 325/23/11
f 18/24/25 19/22/24 21/25/26
f 19/22/24 22/26/27 21/25/26
f 22/26/27 23/27/28 21/25/29
f 18/24/30 21/25/30 23/27/30
f 26/28/31 25/29/32 31/30/33
f 25/29/32 27/31/34 24/32/35
f 25/29/32 29/33/36 27/31/34
f 28/34/37 29/33/36 25/29/32
f 29/33/38 327/35/39 27/31/40
f 33/36/41 416/37/42 32/38/43
f 251/39/44 34/40/45 252/41/46
f 249/42/47 32/38/48 250/43/49
f 35/44/50 36/45/51 338/46/52
f 39/47/53 38/48/54 37/49/55
f 171/50/56 40/51/57 39/47/58
f 40/51/59 42/52/60 38/48/54
f 357/53/61 42/52/60 46/54/62
f 45/55/63 48/56/64 47/57/65
f 46/54/62 43/58/66 48/56/67
f 42/52/60 43/58/66 46/54/62
f 354/59/68 47/57/69 313/60/70
f 52/61/71 53/62/71 55/63/71
f 55/63/72 53/62/73 57/64/74
f 53/62/75 58/65/76 398/66/77
f 54/67/78 59/68/79 53/62/80
f 51/69/81 55/63/82 365/70/83
f 61/71/84 266/72/85 60/73/86
f 62/74/87 63/75/88 61/71/84
f 61/71/84 63/75/88 266/72/85
f 62/74/89 64/76/89 63/75/89
f 64/76/90 65/77/90 63/75/90
f 68/78/91 69/79/92 67/80/93
f 67/80/93 71/81/94 70/82/95
f 75/83/96 74/84/97 72/85/98
f 78/86/99 77/87/100 74/84/97
f 77/87/100 589/88/101 73/89/102
f 71/90/94 589/88/101 77/87/100
f 589/88/101 588/91/103 76/92/104
f 79/93/105 82/94/106 81/95/107
f 79/93/105 84/96/108 82/94/109
f 83/97/110 84/96/108 79/93/105
f 401/98/111 79/93/105 403/99/112
f 404/100/113 80/101/114 401/98/115
f 85/102/116 80/101/114 404/100/113
f 85/102/116 83/97/110 80/101/114
f 87/103/117 86/104/117 411/105/117
f 88/106/118 89/107/118 86/104/118
f 90/108/119 91/109/120 89/107/121
f 86/104/122 89/107/122 406/110/122
f 96/111/123 95/112/124 94/113/125
f 97/114/126 98/115/127 95/112/124
f 94/113/125 95/112/124 417/116/128
f 101/117/129 102/118/130 100/119/131
f 101/117/129 104/120/132 102/118/130
f 26/121/133 101/117/129 100/119/131
f 103/122/134 105/123/135 104/120/132
f 108/124/136 110/125/137 107/126/138
f 109/127/139 112/128/140 111/129/141
f 111/129/141 112/128/140 113/130/142
f 107/126/138 110/125/143 438/131/144
f 107/126/138 438/131/144 447/132/145
f 114/133/146 116/134/147 115/135/148
f 505/136/149 116/134/147 114/133/146
f 116/134/147 329/137/150 115/135/148
f 117/138/151 118/139/152 119/140/153
f 118/139/152 519/141/154 490/142/155
f 123/143/156 126/144/157 121/145/158
f 126/144/157 128/146/159 124/147/160
f 123/143/161 125/148/162 127/149/163
f 122/150/164 121/145/165 471/151/166
f 128/146/167 130/152/168 468/153/169
f 133/154/170 131/155/171 483/156/172
f 135/157/173 136/158/174 131/155/171
f 136/158/174 137/159/175 134/160/176
f 134/160/176 138/161/177 475/162/178
f 140/163/179 142/164/180 139/165/181
f 141/166/182 143/167/183 140/163/179
f 140/163/179 143/167/183 142/164/180
f 142/164/180 143/167/183 384/168/184
f 145/169/185 146/170/186 488/171/187
f 147/172/188 145/169/185 487/173/189
f 487/173/189 145/169/185 488/171/187
f 505/136/149 149/174/190 148/175/191
f 504/176/192 148/175/193 150/177/194
f 151/178/195 150/177/196 152/179/197
f 154/180/198 156/181/199 153/182/200
f 156/181/199 158/183/201 153/182/200
f 159/184/202 157/185/203 155/186/204
f 161/187/205 162/188/206 160/189/207
f 338/46/52 163/190/208 162/188/206
f 166/191/209 167/192/210 165/193/211
f 167/192/210 168/194/212 528/195/213
f 170/196/214 166/191/215 533/197/216
f 170/196/214 171/50/56 166/191/215
f 528/195/213 349/198/217 172/199/218
f 535/200/219 174/201/220 176/202/221
f 539/203/222 175/204/223 174/201/224
f 173/205/225 176/202/221 177/206/226
f 178/207/227 180/208/228 181/209/229
f 178/207/227 179/210/230 180/208/228
f 179/210/230 149/174/190 180/208/228
f 180/208/228 182/211/231 455/212/232
f 180/208/228 149/174/190 457/213/233
f 185/214/234 186/215/235 183/216/236
f 184/217/237 186/215/235 188/218/238
f 187/219/239 189/220/240 186/215/235
f 183/216/236 184/217/237 190/221/241
f 557/222/242 187/219/243 185/214/234
f 184/217/237 486/223/244 485/224/245
f 194/225/246 195/226/246 193/227/246
f 192/228/247 193/227/248 568/229/249
f 195/226/250 198/230/251 197/231/252
f 200/232/253 201/233/254 199/234/255
f 199/234/255 201/233/254 202/235/256
f 200/232/253 203/236/257 201/233/254
f 201/233/258 544/237/258 202/235/258
f 207/238/259 208/239/260 206/240/261
f 205/241/262 204/242/263 595/243/264
f 206/240/261 76/92/104 588/244/103
f 205/241/262 588/244/103 204/242/263
f 209/245/265 211/246/266 600/247/267
f 210/248/268 212/249/269 211/246/266
f 600/247/267 211/246/266 577/250/270
f 215/251/271 216/252/272 214/253/273
f 216/252/274 219/254/274 218/255/274
f 217/256/275 219/254/276 216/252/277
f 219/254/276 327/35/39 218/255/278
f 221/257/279 613/258/280 220/259/281
f 222/260/282 220/259/281 617/261/283
f 224/262/284 226/263/285 223/264/286
f 224/262/284 225/265/287 227/266/288
f 227/266/288 228/267/289 226/263/285
f 229/268/290 231/269/290 228/267/290
f 225/265/287 440/270/291 227/266/292
f 227/266/293 440/270/293 229/268/293
f 228/267/289 230/271/294 622/272/295
f 223/264/286 226/263/285 232/273/296
f 234/274/297 236/275/298 233/276/299
f 637/277/300 233/276/299 636/278/301
f 236/275/298 237/279/302 235/280/303
f 233/276/299 235/280/303 633/281/304
f 239/282/305 241/283/306 514/284/307
f 514/284/307 241/283/306 238/285/308
f 239/282/305 565/286/309 241/283/306
f 244/287/310 648/288/311 243/289/312
f 245/290/313 246/291/314 648/288/311
f 250/292/49 251/293/315 248/294/316
f 248/294/317 252/295/46 659/296/318
f 253/297/319 249/298/320 658/299/321
f 255/300/322 254/301/323 667/302/324
f 669/303/325 334/304/326 661/305/327
f 257/306/328 258/307/329 259/308/330
f 259/308/331 260/309/332 675/310/333
f 367/311/334 261/312/335 257/306/336
f 262/313/337 264/314/338 678/315/339
f 263/316/340 264/314/338 262/313/337
f 263/316/340 265/317/341 264/314/338
f 266/72/85 265/317/341 263/316/340
f 264/314/338 267/318/342 268/4/343
f 270/319/344 383/320/345 271/321/346
f 269/322/347 382/323/348 270/319/349
f 273/324/350 272/325/351 688/326/352
f 274/327/353 275/328/354 272/325/351
f 272/325/351 680/329/355 686/330/356
f 692/331/357 276/332/358 279/333/359
f 277/334/360 276/332/358 692/331/357
f 474/335/361 277/334/360 692/331/357
f 705/336/362 281/337/363 704/338/364
f 702/339/365 280/340/366 699/341/367
f 284/342/368 285/343/369 283/344/370
f 285/343/369 697/345/371 283/344/370
f 549/346/372 285/343/369 284/342/368
f 286/347/373 4/348/374 145/349/185
f 287/350/375 4/348/374 706/351/376
f 288/352/377 290/353/378 291/354/379
f 338/355/52 36/356/51 289/357/380
f 163/358/208 288/352/377 493/359/381
f 35/44/50 292/360/382 36/45/51
f 36/45/51 292/360/382 293/361/383
f 289/362/380 36/45/51 294/363/384
f 686/330/356 292/360/382 35/44/50
f 295/364/385 41/365/386 302/366/387
f 298/367/388 295/364/389 296/368/390
f 295/364/391 299/369/391 41/365/391
f 298/367/392 299/369/393 295/364/394
f 300/370/395 301/371/396 299/369/397
f 299/369/398 43/58/398 41/365/398
f 296/372/390 295/373/389 496/374/399
f 302/375/387 41/376/386 171/377/56
f 302/375/387 171/377/56 170/378/214
f 148/175/191 179/210/230 303/379/400
f 150/177/194 303/379/400 6/8/401
f 152/179/197 6/8/402 5/380/403
f 303/379/400 7/5/404 6/8/401
f 304/20/23 196/381/405 194/225/406
f 307/19/21 194/225/406 306/382/407
f 304/20/23 12/13/22 196/381/405
f 158/183/201 306/382/407 153/182/200
f 306/382/407 569/383/408 305/384/409
f 153/182/200 306/382/407 305/384/409
f 158/183/201 307/19/21 306/382/407
f 156/181/199 308/385/410 158/183/201
f 308/385/410 13/14/14 12/13/13
f 309/16/16 13/14/14 157/185/203
f 158/183/411 308/385/412 307/19/21
f 203/236/257 23/386/28 201/233/254
f 312/387/413 314/388/414 315/389/415
f 314/388/414 316/390/416 315/389/415
f 315/389/415 316/390/416 318/391/417
f 313/60/418 319/392/419 314/388/420
f 314/388/421 320/393/421 316/390/421
f 213/394/422 312/387/423 321/395/424
f 47/396/69 322/397/425 319/398/426
f 322/397/427 301/399/428 323/400/429
f 322/397/427 323/400/429 320/401/430
f 301/399/396 300/402/395 325/23/431
f 320/401/432 325/23/11 324/403/433
f 320/401/432 324/403/433 317/404/434
f 24/32/435 27/31/435 326/405/435
f 27/31/436 207/238/259 326/405/437
f 27/31/40 327/35/39 207/238/259
f 327/35/39 219/254/276 207/238/259
f 330/406/438 331/407/439 328/408/440
f 332/409/441 333/410/442 331/407/439
f 328/408/440 331/407/439 597/411/443
f 116/134/147 330/406/438 329/137/150
f 103/122/444 31/412/33 330/406/438
f 103/122/444 26/121/31 31/412/33
f 31/412/33 24/413/35 332/409/445
f 332/409/446 24/413/446 333/410/446
f 334/304/326 336/414/447 337/415/448
f 35/44/50 338/46/52 341/416/449
f 338/46/52 162/188/206 161/187/205
f 339/417/450 522/418/451 340/419/452
f 341/416/449 161/187/205 522/418/451
f 342/420/453 35/421/50 341/422/449
f 342/420/453 341/422/449 339/423/450
f 687/424/454 35/421/50 342/420/453
f 345/425/455 346/426/456 343/427/457
f 344/428/458 343/427/457 350/429/459
f 344/428/458 345/425/455 343/427/457
f 343/427/460 16/15/460 14/12/460
f 343/427/457 14/12/17 309/16/16
f 351/430/461 350/429/462 347/431/463
f 350/429/459 309/16/16 347/431/464
f 349/198/217 347/431/465 172/199/218
f 167/192/210 352/432/466 168/194/212
f 171/50/56 39/47/58 169/433/467
f 39/47/53 37/49/55 352/432/468
f 352/432/468 344/428/458 351/430/461
f 353/434/469 354/59/469 212/249/469
f 212/249/269 354/59/470 213/394/471
f 356/435/472 353/434/473 210/248/474
f 354/59/68 313/60/70 312/387/475
f 17/18/476 355/436/477 604/437/478
f 357/53/61 356/435/472 355/436/477
f 346/426/456 357/53/61 16/15/479
f 17/18/476 16/15/479 355/436/477
f 357/53/61 44/438/480 356/435/472
f 360/439/481 359/440/482 358/441/483
f 360/439/484 358/441/484 476/442/484
f 362/443/485 364/444/486 361/445/487
f 361/445/487 256/446/488 255/300/322
f 367/311/334 365/70/83 261/312/335
f 367/311/334 51/69/81 365/70/83
f 261/312/489 57/64/74 260/309/332
f 365/70/83 55/63/82 261/312/335
f 282/447/490 366/448/491 367/311/334
f 176/202/221 368/449/492 52/61/493
f 177/206/226 52/61/493 51/69/81
f 174/201/224 175/204/223 368/449/492
f 368/449/492 369/450/494 54/67/495
f 60/73/86 263/316/340 370/451/496
f 60/73/86 266/72/85 263/316/340
f 370/451/496 263/316/340 376/452/497
f 716/453/498 60/73/86 745/454/499
f 372/455/500 373/456/501 371/457/502
f 374/458/503 376/452/497 373/456/501
f 375/459/504 745/454/499 374/458/503
f 84/96/108 374/458/503 372/455/500
f 377/460/505 378/461/506 84/96/108
f 378/461/506 375/459/504 374/458/503
f 380/462/507 379/463/508 377/460/505
f 385/464/509 67/80/93 382/323/348
f 382/323/348 70/82/95 383/320/510
f 383/320/511 252/295/46 271/321/346
f 684/465/512 386/466/513 385/464/509
f 696/467/514 384/168/184 684/465/512
f 144/468/515 387/469/516 386/466/513
f 387/469/516 593/470/517 68/78/518
f 73/89/102 217/256/275 215/251/519
f 73/89/102 76/92/104 217/256/275
f 76/92/104 208/239/260 217/256/275
f 72/85/98 215/251/520 738/471/521
f 76/92/104 206/240/261 208/239/260
f 390/472/522 388/473/523 610/474/524
f 390/472/522 610/474/524 613/258/525
f 92/475/526 391/476/527 390/472/522
f 392/477/528 393/478/529 391/476/527
f 392/477/528 394/479/530 395/480/531
f 92/475/526 390/472/522 91/109/120
f 92/475/526 396/481/532 392/477/528
f 397/482/533 81/95/107 274/327/353
f 57/64/74 398/66/534 689/483/535
f 399/484/536 400/485/537 397/482/533
f 398/66/77 403/99/112 399/484/538
f 399/484/536 397/482/533 273/324/350
f 58/65/539 402/486/540 401/98/115
f 398/66/77 401/98/111 403/99/112
f 403/99/112 79/93/105 400/485/537
f 221/257/541 91/109/120 613/258/525
f 406/110/542 220/259/281 222/260/282
f 412/487/543 410/488/544 408/489/545
f 411/105/546 405/490/546 618/491/546
f 414/492/547 410/488/547 412/487/547
f 410/488/548 411/105/548 409/493/548
f 414/492/549 87/103/550 410/488/551
f 413/494/552 412/487/543 415/495/553
f 670/496/554 414/492/549 413/494/555
f 672/497/556 87/103/550 414/492/549
f 95/112/124 418/498/557 417/116/128
f 95/112/124 419/499/558 418/498/557
f 420/500/559 423/501/560 50/502/561
f 420/500/559 422/503/562 423/501/560
f 421/504/563 422/503/562 420/500/559
f 119/140/153 421/504/563 120/505/564
f 490/142/155 424/506/565 119/140/153
f 434/507/566 426/508/567 425/509/568
f 425/509/568 426/508/567 427/510/569
f 427/510/569 429/511/570 428/512/571
f 125/148/572 428/512/571 499/513/573
f 129/514/574 425/509/568 125/148/572
f 436/515/575 748/516/576 435/517/577
f 436/515/575 30/518/578 748/516/576
f 30/518/578 100/519/131 437/520/579
f 28/34/37 100/519/131 30/518/580
f 225/265/287 438/521/144 440/270/291
f 438/521/144 110/522/143 440/270/291
f 440/270/291 110/522/143 441/523/581
f 447/524/145 438/521/144 446/525/582
f 442/526/583 443/527/584 444/528/585
f 443/527/586 446/525/582 445/529/587
f 407/530/588 442/526/588 444/528/588
f 447/524/145 446/525/582 443/527/586
f 445/529/589 439/531/589 224/262/589
f 448/532/590 447/132/590 443/533/590
f 448/532/591 452/534/592 451/535/593
f 453/536/594 443/533/584 442/537/583
f 449/538/595 448/532/591 453/536/594
f 452/534/592 108/124/136 451/535/593
f 454/539/596 115/135/148 236/275/597
f 236/275/298 115/135/598 237/279/302
f 638/540/599 454/539/596 234/274/297
f 638/540/599 456/541/600 454/539/596
f 182/211/231 638/540/599 455/212/232
f 457/213/233 456/541/600 182/211/231
f 459/542/601 120/543/564 458/544/602
f 458/544/602 120/543/564 420/545/559
f 364/444/486 458/544/602 50/546/561
f 363/547/603 459/542/601 458/544/602
f 461/548/604 117/549/151 459/542/601
f 462/550/605 463/551/606 460/552/607
f 463/551/608 118/553/152 117/549/151
f 465/554/609 468/153/169 467/555/610
f 465/554/609 124/147/160 468/153/169
f 109/556/139 467/555/610 112/557/140
f 452/558/592 465/554/609 109/556/139
f 470/559/611 472/560/612 471/151/166
f 470/559/611 466/561/613 450/562/614
f 616/563/615 472/560/612 470/559/611
f 449/564/595 470/559/611 450/562/614
f 475/162/616 278/565/617 277/334/360
f 132/566/618 134/160/618 474/335/618
f 480/567/619 474/335/619 478/568/619
f 358/441/483 477/569/620 476/442/621
f 479/570/622 132/566/623 480/567/624
f 481/571/625 483/156/625 477/569/625
f 483/156/626 132/566/626 479/570/626
f 142/164/180 384/168/184 696/467/514
f 188/218/238 139/165/181 486/223/244
f 189/220/240 140/163/179 188/218/238
f 186/215/235 189/220/240 188/218/238
f 191/572/627 141/166/182 189/220/240
f 487/573/189 488/574/187 96/111/123
f 96/111/123 488/574/187 97/114/126
f 724/575/628 487/573/189 96/111/123
f 97/114/126 693/576/629 489/577/630
f 519/578/154 164/579/631 491/580/632
f 164/581/631 493/582/381 728/583/633
f 494/584/634 496/374/399 503/585/635
f 495/586/636 296/372/390 494/584/634
f 428/587/571 498/588/637 499/589/573
f 428/587/571 500/590/638 498/588/637
f 499/589/573 498/588/637 501/591/639
f 498/588/640 502/592/640 503/585/640
f 429/593/570 727/594/641 428/587/571
f 500/590/642 750/595/643 502/592/644
f 502/592/645 497/596/646 495/586/636
f 502/592/645 495/586/636 494/584/634
f 502/592/645 494/584/634 503/585/635
f 503/585/647 170/378/214 501/591/639
f 105/123/648 504/176/192 104/120/649
f 105/123/648 505/136/149 506/597/650
f 505/136/149 114/133/146 149/174/190
f 749/598/651 504/176/652 151/178/653
f 104/120/132 749/598/651 106/599/654
f 153/182/200 305/384/409 508/600/655
f 507/601/656 242/602/657 240/603/658
f 510/604/659 511/605/660 509/606/661
f 512/607/662 513/608/663 511/605/660
f 512/607/662 508/600/655 513/608/663
f 508/600/655 507/601/664 513/608/663
f 110/609/143 510/604/659 509/606/661
f 507/601/656 240/603/658 513/608/665
f 511/605/660 514/284/307 646/610/666
f 509/606/661 646/610/667 441/611/581
f 112/612/140 515/613/668 113/614/142
f 113/614/142 512/607/662 510/604/659
f 515/613/668 516/615/669 113/614/142
f 515/613/668 517/616/670 516/615/669
f 518/617/671 517/616/670 515/613/668
f 517/616/672 508/600/655 512/607/662
f 518/617/671 155/186/204 517/616/670
f 111/618/141 510/604/659 110/609/143
f 112/612/140 523/619/673 515/613/668
f 523/619/673 518/617/674 515/613/668
f 159/184/202 155/186/204 518/617/671
f 154/180/198 153/182/200 508/600/655
f 521/620/675 464/621/676 700/622/677
f 464/621/676 520/623/678 118/624/152
f 340/419/452 522/418/451 521/620/675
f 522/418/451 520/623/678 464/621/676
f 527/625/679 348/626/680 159/184/202
f 172/199/218 348/626/680 527/625/679
f 528/195/213 172/199/218 527/625/679
f 172/199/218 347/431/464 348/626/680
f 348/626/680 347/431/464 157/185/203
f 469/627/681 524/628/682 523/619/673
f 524/628/682 525/629/683 523/619/673
f 526/630/684 527/625/679 525/629/683
f 529/631/685 526/630/684 524/628/682
f 530/632/686 528/195/213 526/630/684
f 525/629/687 159/184/202 518/617/688
f 128/633/689 529/631/689 130/634/689
f 127/635/690 529/631/690 128/633/690
f 531/636/691 532/637/691 127/635/691
f 532/637/692 530/632/692 529/631/692
f 533/197/693 165/193/693 532/637/693
f 127/635/694 499/638/573 531/636/695
f 501/639/639 533/197/696 531/636/695
f 165/193/697 528/195/213 530/632/686
f 281/337/363 366/448/491 282/447/490
f 705/336/362 173/205/225 281/337/363
f 173/205/225 177/206/226 281/337/363
f 703/640/698 534/641/699 705/336/362
f 534/641/699 173/205/225 705/336/362
f 534/641/699 535/200/219 173/205/225
f 278/642/617 703/640/698 276/643/358
f 138/644/177 538/645/700 534/641/701
f 137/646/175 536/647/702 138/644/177
f 136/648/174 536/647/702 137/646/175
f 536/647/702 539/203/703 538/645/704
f 536/647/702 540/649/705 539/203/703
f 538/645/706 539/203/707 535/200/219
f 539/203/708 541/650/709 542/651/710
f 178/207/227 181/209/229 244/287/310
f 181/209/229 455/212/232 245/290/313
f 543/652/711 244/287/310 247/653/712
f 180/208/713 455/212/232 181/209/229
f 545/654/714 544/237/714 201/233/714
f 544/237/715 655/655/716 546/656/717
f 545/654/718 655/655/718 544/237/718
f 655/655/716 543/657/719 247/658/720
f 22/659/27 545/654/721 23/386/28
f 548/660/722 9/661/6 547/662/723
f 9/661/6 7/663/5 547/662/723
f 547/662/723 7/663/5 543/657/724
f 548/660/722 547/662/723 545/654/725
f 553/664/726 549/665/372 708/666/727
f 485/224/245 484/667/728 549/665/372
f 190/221/241 549/665/372 553/664/726
f 184/217/237 485/224/245 190/221/241
f 265/668/341 550/669/729 267/670/342
f 551/671/730 553/664/726 550/669/729
f 65/672/731 552/673/732 265/668/341
f 66/674/733 554/675/734 65/77/735
f 554/675/734 183/676/736 552/677/732
f 555/678/737 183/676/736 554/675/734
f 556/679/738 555/678/737 66/674/733
f 557/680/242 185/681/234 555/678/739
f 552/677/732 190/682/241 551/683/730
f 566/684/740 559/685/741 558/686/742
f 193/227/743 560/687/744 559/685/741
f 559/685/741 560/687/744 558/686/742
f 558/686/742 560/687/744 561/688/745
f 560/687/746 562/689/747 561/688/748
f 197/231/252 562/689/747 560/687/746
f 568/229/249 193/227/248 567/690/749
f 193/227/743 197/231/750 560/687/744
f 59/691/751 558/686/751 56/692/751
f 175/693/752 563/694/753 369/695/494
f 565/286/754 564/696/755 641/697/756
f 563/694/753 564/696/755 566/684/757
f 369/695/494 566/684/757 59/691/79
f 564/696/758 567/690/759 566/684/740
f 566/684/740 567/690/759 559/685/741
f 242/602/657 568/229/249 239/282/305
f 305/384/409 192/228/247 242/602/657
f 570/698/760 571/699/761 62/700/762
f 571/699/761 572/701/763 573/702/764
f 572/701/763 202/235/256 574/703/765
f 570/698/760 62/700/762 719/704/766
f 754/705/767 199/234/255 572/701/763
f 573/702/764 574/703/765 575/706/768
f 62/700/762 573/702/769 64/707/770
f 576/708/771 579/709/772 578/710/773
f 380/711/507 578/710/773 381/712/774
f 578/710/773 579/709/772 580/713/775
f 578/710/773 580/713/775 752/714/776
f 599/715/777 380/711/507 83/716/110
f 599/715/777 576/708/771 380/711/507
f 577/250/270 582/717/778 579/709/772
f 582/717/778 321/395/424 583/718/779
f 579/709/780 584/719/781 581/720/782
f 211/246/266 213/394/471 582/717/778
f 321/395/783 315/389/783 584/719/783
f 584/719/784 318/391/784 733/721/784
f 585/722/785 587/723/785 586/724/785
f 586/724/786 589/725/101 71/726/94
f 595/727/264 204/728/263 587/723/787
f 590/729/788 591/730/789 594/731/790
f 593/732/791 594/731/790 585/722/792
f 591/730/789 595/727/264 594/731/790
f 595/727/793 587/723/794 594/731/795
f 594/731/795 587/723/794 585/722/796
f 593/732/791 585/722/792 68/733/91
f 237/279/302 328/408/440 596/734/797
f 597/411/443 595/727/264 591/730/789
f 235/280/303 237/279/302 596/734/797
f 592/735/798 596/734/797 591/730/789
f 85/736/116 600/247/799 599/715/777
f 601/737/800 598/738/801 85/736/116
f 598/738/802 209/245/265 600/247/267
f 600/247/267 577/250/270 576/708/771
f 562/689/747 602/739/803 601/737/804
f 561/688/748 562/689/747 402/740/540
f 198/230/805 603/741/806 602/739/803
f 602/739/803 603/741/806 598/738/802
f 402/740/540 601/737/800 404/742/113
f 604/437/478 603/741/806 198/230/805
f 195/226/807 604/437/478 198/230/805
f 603/741/806 209/245/265 598/738/802
f 607/743/808 608/744/809 606/745/810
f 214/253/273 216/252/272 608/744/811
f 608/744/812 218/255/812 29/33/812
f 216/252/813 218/255/813 608/744/813
f 606/745/814 29/33/814 30/518/814
f 436/515/575 606/745/810 30/518/578
f 435/517/577 606/745/810 436/515/575
f 613/258/525 610/474/524 612/746/815
f 612/746/815 609/747/816 473/748/817
f 388/473/523 611/749/818 610/474/524
f 220/259/281 613/258/280 617/261/283
f 615/750/819 614/751/820 453/752/594
f 614/751/821 616/563/615 449/564/595
f 614/751/821 617/261/822 616/563/615
f 617/261/822 473/748/817 616/563/615
f 408/489/545 614/751/820 615/750/819
f 409/493/823 618/491/824 614/751/821
f 618/491/825 222/260/825 617/261/825
f 442/526/583 407/530/826 615/750/827
f 232/753/828 621/754/828 619/755/828
f 226/756/285 622/757/295 621/754/829
f 621/754/830 623/758/830 620/759/830
f 622/757/831 624/760/831 621/754/831
f 630/761/832 232/753/832 627/762/832
f 620/759/833 537/763/833 135/157/833
f 619/755/834 135/157/835 133/154/170
f 415/764/553 625/765/836 413/766/837
f 625/765/838 626/767/839 482/768/840
f 415/764/553 627/762/841 625/765/836
f 627/762/842 626/767/839 625/765/838
f 627/762/842 619/755/834 626/767/839
f 626/767/839 133/154/170 481/571/843
f 407/530/844 444/528/844 629/769/844
f 407/530/845 628/770/846 415/771/553
f 629/769/847 631/772/847 630/773/847
f 631/772/848 224/262/284 223/264/286
f 407/530/845 415/771/553 412/487/543
f 444/528/849 445/529/849 631/772/849
f 633/281/304 592/735/798 632/774/850
f 235/280/303 592/735/798 633/281/304
f 633/281/304 632/774/850 635/775/851
f 632/774/852 143/776/183 141/777/182
f 636/278/301 633/281/304 635/775/851
f 635/775/851 632/774/850 191/778/627
f 650/779/853 635/775/851 649/780/854
f 455/212/232 637/277/300 246/291/314
f 637/277/300 636/278/301 650/779/853
f 640/781/855 641/697/856 643/782/857
f 639/783/858 641/697/756 563/694/753
f 541/784/709 639/783/859 542/785/710
f 238/285/308 241/283/306 640/781/855
f 542/785/860 639/783/858 175/693/752
f 642/786/861 540/787/861 623/788/861
f 644/789/862 643/782/862 642/786/862
f 644/789/863 640/781/855 643/782/857
f 230/790/864 642/786/864 624/791/864
f 623/788/865 540/787/705 537/792/866
f 646/610/666 645/793/867 230/790/868
f 441/611/869 646/610/869 231/794/869
f 243/289/312 648/288/311 651/795/870
f 647/796/871 649/780/871 557/797/871
f 648/288/872 650/779/872 647/796/872
f 649/780/854 191/778/627 187/798/239
f 575/799/873 652/800/874 654/801/875
f 574/802/876 653/803/877 652/800/878
f 652/800/878 243/289/312 651/795/870
f 654/801/879 651/795/879 557/797/879
f 64/804/880 575/799/768 556/805/881
f 654/801/882 557/797/883 556/805/881
f 202/806/884 546/807/717 653/803/877
f 202/806/884 544/808/885 546/807/717
f 656/809/886 247/653/720 243/289/887
f 658/299/321 248/294/316 657/810/888
f 657/810/889 70/82/95 71/81/94
f 93/811/890 660/812/891 396/813/532
f 661/305/327 662/814/892 660/812/891
f 396/813/532 663/815/893 394/816/530
f 663/815/893 756/817/894 394/816/530
f 665/818/895 740/819/896 662/814/892
f 665/818/895 335/820/897 740/819/896
f 662/814/892 740/819/896 664/821/898
f 661/305/327 665/818/895 662/814/892
f 667/302/899 669/303/325 668/822/900
f 667/302/324 254/301/323 669/303/325
f 668/822/900 661/305/327 660/812/891
f 666/823/901 88/824/902 87/825/550
f 671/826/903 672/827/556 670/828/554
f 477/569/620 670/828/554 482/768/904
f 670/828/554 672/827/556 414/829/549
f 358/441/483 359/440/482 671/826/903
f 359/440/482 667/302/324 673/830/905
f 361/445/487 255/300/322 667/302/324
f 477/569/620 358/441/483 671/826/903
f 677/831/906 259/308/331 675/310/333
f 339/417/450 674/832/907 342/833/453
f 699/341/367 676/834/908 698/835/909
f 698/835/909 677/831/910 339/417/450
f 698/835/909 676/834/908 677/831/910
f 339/417/450 677/831/910 674/832/907
f 280/340/366 367/311/911 676/834/908
f 676/834/908 367/311/911 257/306/328
f 676/834/908 257/306/328 677/831/910
f 681/836/912 678/315/339 3/2/2
f 680/329/355 292/360/382 686/330/356
f 373/456/501 262/313/337 275/328/354
f 275/328/354 680/329/355 272/325/351
f 275/328/354 682/837/913 680/329/355
f 685/838/914 270/319/915 419/499/558
f 270/319/344 271/321/346 683/839/916
f 685/838/917 269/322/347 270/319/349
f 683/839/916 252/295/46 34/840/45
f 419/499/558 683/839/916 418/498/557
f 684/465/512 385/464/509 685/838/918
f 385/464/509 269/322/347 685/838/918
f 489/577/630 684/465/512 99/841/919
f 98/115/127 685/838/914 419/499/558
f 675/310/920 687/842/454 342/833/453
f 675/310/920 688/326/921 687/842/454
f 688/326/921 686/330/356 687/842/454
f 689/483/922 688/326/921 675/310/920
f 689/483/923 399/484/538 688/326/924
f 260/309/332 689/483/535 675/310/333
f 690/843/925 700/844/677 463/551/606
f 691/845/926 462/550/605 460/552/607
f 692/331/357 279/333/359 691/845/926
f 694/846/927 489/577/630 693/576/629
f 697/847/371 694/846/928 693/576/629
f 484/667/728 694/846/928 285/848/369
f 285/848/369 694/846/928 697/849/371
f 700/622/677 699/341/367 698/835/909
f 521/620/675 698/835/909 340/419/452
f 276/643/358 701/850/929 690/851/925
f 701/850/929 704/338/364 702/339/365
f 283/852/370 146/853/186 706/351/376
f 707/854/930 708/666/727 706/351/376
f 267/670/342 550/669/729 707/854/930
f 293/361/383 681/836/912 2/1/1
f 294/363/384 2/1/1 1/3/3
f 709/855/931 711/856/932 298/367/392
f 298/367/392 712/857/933 300/370/934
f 711/856/935 10/858/935 712/857/935
f 710/859/936 5/860/937 711/856/932
f 324/403/938 713/861/939 714/862/940
f 714/862/941 20/863/942 18/24/943
f 325/23/11 19/22/24 713/861/944
f 423/864/560 33/865/41 336/414/447
f 337/415/448 33/865/41 253/866/319
f 715/867/945 716/453/498 375/459/504
f 717/868/946 718/869/947 715/867/945
f 718/869/947 61/71/84 715/867/945
f 379/463/508 715/867/945 378/461/506
f 381/870/774 717/868/948 379/463/508
f 395/480/531 75/83/96 721/871/949
f 393/478/529 720/872/950 391/476/527
f 395/480/531 722/873/951 75/83/96
f 721/871/949 72/85/98 739/874/952
f 726/875/953 429/511/954 725/876/955
f 437/520/579 727/877/956 726/875/953
f 493/582/381 729/878/957 728/583/633
f 728/583/633 729/878/957 147/172/958
f 492/879/959 147/172/958 487/173/189
f 751/880/960 731/881/961 730/882/962
f 731/881/961 732/883/963 730/882/962
f 151/884/964 152/885/965 732/883/963
f 733/721/966 735/886/966 734/887/966
f 735/886/967 203/236/257 200/232/253
f 318/391/968 736/888/968 735/886/968
f 664/821/898 741/889/969 742/890/970
f 742/890/970 253/866/319 757/891/971
f 757/891/971 253/866/319 658/892/321
f 290/893/378 294/894/384 743/895/972
f 291/896/379 743/895/972 729/897/973
f 743/895/974 294/894/974 286/898/974
f 729/897/973 286/898/373 145/899/185
f 730/882/962 732/883/963 709/855/931
f 730/882/962 709/855/931 297/900/975
f 744/901/976 311/902/977 310/903/978
f 736/904/979 310/903/978 203/905/257
f 318/906/417 744/901/976 736/904/979
f 316/907/416 317/908/980 744/901/976
f 317/908/981 714/909/982 744/901/976
f 744/901/976 714/909/982 311/902/977
f 335/820/897 337/415/448 740/819/896
f 391/476/527 737/910/983 389/911/984
f 720/872/950 739/874/952 737/910/983
f 421/912/563 746/913/985 422/914/562
f 746/913/985 33/865/41 423/864/560
f 723/915/986 417/916/128 746/913/985
f 435/517/577 747/917/987 433/918/988
f 435/517/577 433/918/988 431/919/989
f 30/518/578 726/875/953 748/516/576
f 492/920/959 724/921/628 424/506/565
f 492/920/959 487/573/189 724/921/628
f 491/580/632 728/922/633 492/920/959
f 750/923/990 731/881/961 751/880/960
f 749/924/651 151/884/653 731/881/961
f 580/713/775 581/720/991 753/925/992
f 753/925/993 734/887/994 754/705/767
f 752/714/776 570/698/760 719/704/766
f 752/714/776 753/925/992 570/698/760
f 753/925/993 754/705/767 570/698/760
f 752/714/776 719/704/766 717/926/948
f 755/927/995 607/743/808 431/919/989
f 611/749/818 431/919/989 609/747/816
f 389/911/984 755/927/995 611/749/818
f 737/910/983 738/471/996 755/927/995
f 394/816/530 756/817/894 722/928/951
f 722/928/951 757/891/971 75/929/96
f 664/821/898 742/890/970 756/817/894
f 756/817/894 742/890/970 757/891/971
f 75/929/96 658/892/321 78/930/99
f 680/329/355 678/315/339 681/836/912
f 682/837/913 678/315/339 680/329/355
f 268/4/4 3/2/2 679/931/997
f 4/932/374 1/3/3 268/933/4
f 6/8/998 7/5/998 8/7/998
f 5/380/403 6/8/402 10/9/999
f 10/9/1000 8/7/7 11/10/10
f 8/7/7 9/6/6 11/10/10
f 12/13/1001 16/15/1001 15/17/1001
f 18/24/943 20/863/942 19/22/1002
f 11/21/10 22/26/27 19/22/24
f 11/21/10 9/934/6 22/26/27
f 26/28/1003 28/34/37 25/29/32
f 28/34/37 30/518/580 29/33/36
f 31/30/33 25/29/32 24/32/35
f 249/42/320 253/935/319 32/38/1004
f 253/935/319 33/36/1005 32/38/1004
f 32/38/1006 416/37/42 34/40/45
f 251/39/1007 32/38/1006 34/40/45
f 250/43/49 32/38/1008 251/39/315
f 37/49/55 38/48/54 344/428/458
f 39/47/53 40/51/1009 38/48/54
f 171/50/56 41/365/386 40/51/57
f 38/48/54 42/52/60 345/425/455
f 40/51/59 43/58/66 42/52/60
f 41/365/1010 43/58/66 40/51/59
f 345/425/455 42/52/60 346/426/456
f 344/428/458 38/48/54 345/425/455
f 44/438/480 46/54/1011 45/55/1012
f 45/55/63 46/54/1013 48/56/64
f 357/53/61 46/54/62 44/438/480
f 354/59/68 45/55/1012 47/57/69
f 49/936/1014 364/444/486 50/546/561
f 361/445/487 49/936/1014 256/446/488
f 364/444/486 49/936/1014 361/445/487
f 52/61/493 54/67/495 53/62/1015
f 51/69/81 52/61/493 55/63/82
f 53/62/1016 56/937/1016 58/65/1016
f 57/64/74 53/62/1017 398/66/534
f 53/62/1018 59/68/1018 56/937/1018
f 58/65/539 56/937/1019 561/938/748
f 718/869/947 62/74/87 61/71/84
f 63/75/88 65/77/731 266/72/85
f 719/939/1020 62/74/1021 718/869/947
f 64/76/1022 66/674/733 65/77/735
f 386/466/513 68/78/518 67/80/93
f 382/323/348 67/80/93 70/82/95
f 67/80/93 69/79/92 71/81/94
f 385/464/509 386/466/513 67/80/93
f 69/79/92 68/78/91 586/940/786
f 69/79/92 586/940/786 71/81/94
f 72/85/98 74/84/97 73/89/102
f 75/83/96 78/86/99 74/84/97
f 74/84/97 77/87/100 73/89/102
f 73/89/102 589/88/101 76/92/104
f 80/101/114 83/97/110 79/93/105
f 81/95/107 400/485/537 79/93/105
f 401/98/111 80/101/114 79/93/105
f 87/103/550 88/106/902 86/104/1023
f 88/106/902 90/108/119 89/107/121
f 90/108/119 92/475/526 91/109/120
f 90/108/119 93/941/890 92/475/526
f 411/105/1024 86/104/1024 405/490/1024
f 96/111/123 97/114/126 95/112/124
f 724/575/628 96/111/123 94/113/125
f 97/114/126 99/841/919 98/115/127
f 26/121/133 103/122/134 101/117/129
f 101/117/129 103/122/134 104/120/132
f 103/122/444 116/134/147 105/123/1025
f 102/118/130 104/120/132 106/599/654
f 100/119/131 102/118/130 437/942/579
f 109/127/139 111/129/141 108/124/1026
f 108/124/1026 111/129/141 110/125/1027
f 451/535/593 108/124/136 107/126/138
f 454/539/596 457/213/233 114/133/146
f 454/539/596 114/133/146 115/135/148
f 456/541/600 457/213/233 454/539/596
f 457/213/233 149/174/190 114/133/146
f 119/140/153 118/139/152 490/142/155
f 120/505/564 117/138/1028 119/140/153
f 122/150/164 129/514/1029 123/143/161
f 122/150/164 123/143/161 121/145/165
f 121/145/158 126/144/157 124/147/160
f 123/143/156 127/149/1030 126/144/157
f 466/561/613 471/151/166 121/145/158
f 123/143/161 129/514/1029 125/148/162
f 127/149/694 125/148/572 499/513/573
f 124/147/160 128/146/159 468/153/169
f 466/561/613 121/145/158 124/147/160
f 131/155/171 134/160/176 132/566/1031
f 133/154/170 135/157/173 131/155/171
f 131/155/171 136/158/174 134/160/176
f 483/156/172 131/155/171 132/566/1032
f 135/157/1033 537/763/866 136/158/174
f 134/160/176 137/159/175 138/161/177
f 188/218/238 140/163/179 139/165/181
f 384/168/184 143/167/183 144/468/1034
f 146/170/186 145/169/185 287/943/375
f 488/171/187 146/170/186 693/944/629
f 504/176/192 506/597/650 148/175/193
f 506/597/650 505/136/149 148/175/193
f 151/178/653 504/176/652 150/177/1035
f 155/186/1036 156/181/199 154/180/198
f 155/186/1036 157/185/203 156/181/199
f 156/181/199 157/185/203 308/385/410
f 522/418/451 161/187/205 160/189/207
f 162/188/206 163/190/208 164/581/631
f 162/188/206 164/581/631 519/945/154
f 160/189/207 162/188/206 519/945/154
f 165/193/211 167/192/210 528/195/213
f 166/191/209 169/433/467 167/192/210
f 166/191/209 171/50/56 169/433/467
f 528/195/213 168/194/212 349/198/217
f 535/200/219 539/203/707 174/201/1037
f 173/205/225 535/200/219 176/202/221
f 539/203/708 542/651/710 175/204/1038
f 178/207/227 7/5/404 179/210/230
f 543/652/1039 7/5/1040 178/207/1041
f 183/216/236 186/215/235 184/217/237
f 185/214/234 187/219/239 186/215/235
f 184/217/237 188/218/238 486/223/244
f 187/219/239 191/572/627 189/220/240
f 192/228/247 194/225/406 193/227/248
f 194/225/406 196/381/405 195/226/1042
f 196/381/1043 17/18/20 195/226/1044
f 193/227/1045 195/226/1045 197/231/1045
f 734/887/994 200/232/253 199/234/255
f 205/241/262 207/238/259 206/240/261
f 205/241/262 206/240/261 588/244/103
f 207/238/259 219/254/276 208/239/260
f 209/245/265 210/248/1046 211/246/266
f 211/246/266 212/249/269 213/394/471
f 209/245/265 605/946/1047 210/248/1046
f 605/946/1047 356/435/472 210/248/1046
f 215/251/519 217/256/275 216/252/1048
f 738/471/521 215/251/520 214/253/1049
f 224/262/284 227/266/288 226/263/285
f 227/266/288 229/268/1050 228/267/289
f 228/267/289 231/269/1051 230/271/294
f 630/773/1052 223/264/286 232/273/296
f 229/268/1053 440/270/291 441/523/581
f 229/268/1054 441/523/1054 231/269/1054
f 226/263/285 228/267/289 622/272/295
f 637/277/300 234/274/297 233/276/299
f 233/276/299 236/275/298 235/280/303
f 240/603/658 242/602/657 239/282/305
f 514/284/307 240/603/658 239/282/305
f 244/287/310 245/290/313 648/288/311
f 245/290/313 455/212/232 246/291/314
f 247/653/712 244/287/310 243/289/312
f 658/299/321 249/298/47 248/294/316
f 248/294/316 249/298/47 250/292/49
f 248/294/317 251/293/44 252/295/46
f 659/296/318 252/295/46 383/320/510
f 669/303/325 256/446/488 334/304/326
f 669/303/325 254/301/323 256/446/488
f 259/308/331 258/307/1055 260/309/332
f 257/306/328 261/312/489 258/307/329
f 264/314/338 265/317/341 267/318/342
f 688/326/921 272/325/351 686/330/356
f 273/324/350 274/327/353 272/325/351
f 274/327/1056 371/457/502 275/328/354
f 277/334/360 278/565/617 276/332/358
f 704/338/364 282/447/490 280/340/366
f 702/339/365 704/338/364 280/340/366
f 704/338/364 281/337/363 282/447/490
f 708/947/727 284/342/368 283/344/370
f 286/347/373 1/948/3 4/348/374
f 145/349/185 4/348/374 287/350/375
f 288/352/377 289/357/380 290/353/378
f 288/352/377 338/355/52 289/357/380
f 493/359/381 288/352/377 291/354/379
f 294/363/384 36/45/51 293/361/383
f 297/900/975 298/367/392 296/368/390
f 299/369/397 301/371/396 43/58/1057
f 298/367/392 300/370/934 299/369/393
f 494/584/634 296/372/390 496/374/399
f 496/374/1058 295/373/385 302/375/387
f 296/372/390 495/586/636 297/949/975
f 495/586/636 730/950/1059 297/949/975
f 496/374/1058 302/375/387 170/378/214
f 150/177/194 148/175/193 303/379/400
f 152/179/197 150/177/196 6/8/402
f 148/175/191 149/174/190 179/210/230
f 303/379/400 179/210/230 7/5/404
f 710/951/936 152/179/965 5/380/937
f 196/381/1043 15/17/18 17/18/20
f 196/381/1043 12/13/1060 15/17/18
f 307/19/21 304/20/23 194/225/406
f 157/185/203 13/14/14 308/385/410
f 307/19/21 308/385/412 12/13/22
f 347/431/464 309/16/16 157/185/203
f 310/952/978 311/953/977 23/386/28
f 203/236/257 310/952/978 23/386/28
f 311/953/977 18/954/1061 23/386/1062
f 312/387/1063 313/60/418 314/388/420
f 314/388/1064 319/392/426 320/393/1065
f 316/390/416 320/393/1066 317/955/980
f 321/395/1067 312/387/1067 315/389/1067
f 319/398/426 322/397/425 320/401/1065
f 323/400/429 301/399/428 325/23/1068
f 47/396/69 48/956/67 322/397/425
f 48/956/67 43/957/66 322/397/425
f 322/397/427 43/957/1069 301/399/428
f 320/401/430 323/400/429 325/23/1068
f 313/958/70 47/396/69 319/398/426
f 333/959/1070 24/32/1070 326/405/1070
f 205/241/262 326/405/437 207/238/259
f 329/137/150 330/406/438 328/408/440
f 330/406/438 332/409/1071 331/407/439
f 331/407/439 333/410/442 597/411/443
f 237/279/302 329/137/150 328/408/440
f 333/410/442 326/960/437 205/961/262
f 330/406/438 31/412/33 332/409/445
f 116/134/147 103/122/444 330/406/438
f 665/818/895 334/304/326 335/820/897
f 335/820/897 334/304/326 337/415/448
f 334/304/326 49/936/1014 336/414/447
f 49/936/1014 50/546/561 336/414/447
f 50/546/561 423/864/560 336/414/447
f 341/416/449 338/46/52 161/187/205
f 338/46/52 288/962/377 163/190/208
f 339/417/450 341/416/449 522/418/451
f 350/429/459 343/427/457 309/16/16
f 343/427/457 346/426/456 16/15/479
f 349/198/217 351/430/461 347/431/465
f 168/194/212 351/430/461 349/198/217
f 351/430/461 344/428/458 350/429/462
f 168/194/212 352/432/468 351/430/461
f 167/192/1072 169/433/1073 352/432/1074
f 169/433/1073 39/47/1075 352/432/1074
f 352/432/468 37/49/55 344/428/458
f 353/434/473 44/438/480 354/59/68
f 356/435/472 44/438/480 353/434/473
f 45/55/1012 354/59/68 44/438/480
f 213/394/1076 354/59/1076 312/387/1076
f 210/248/268 353/434/1077 212/249/269
f 604/437/478 355/436/477 605/946/1047
f 605/946/1047 355/436/477 356/435/472
f 16/15/479 357/53/61 355/436/477
f 357/53/61 346/426/456 42/52/60
f 255/300/322 256/446/488 254/301/323
f 256/446/488 49/936/1014 334/304/326
f 359/440/482 362/443/485 361/445/487
f 359/440/482 361/445/487 667/302/324
f 360/439/481 362/443/485 359/440/482
f 362/443/485 460/552/607 363/547/1078
f 362/443/485 363/547/1078 364/444/486
f 460/552/607 362/443/485 360/439/1079
f 261/312/489 55/63/72 57/64/74
f 258/307/329 261/312/489 260/309/332
f 280/340/366 282/447/490 367/311/911
f 367/311/334 366/448/491 51/69/81
f 366/448/491 177/206/226 51/69/81
f 176/202/221 174/201/224 368/449/492
f 177/206/226 176/202/221 52/61/493
f 52/61/493 368/449/492 54/67/495
f 368/449/492 175/204/752 369/450/494
f 54/67/78 369/450/494 59/68/79
f 745/454/499 60/73/86 370/451/496
f 266/72/85 65/77/731 265/317/341
f 372/455/500 374/458/503 373/456/501
f 374/458/503 745/454/499 376/452/497
f 84/96/108 378/461/506 374/458/503
f 377/460/505 379/463/508 378/461/506
f 83/97/110 377/460/505 84/96/108
f 83/97/110 380/462/507 377/460/505
f 380/462/507 381/870/774 379/463/508
f 269/322/347 385/464/509 382/323/348
f 270/319/349 382/323/348 383/320/510
f 384/168/184 144/468/1034 386/466/513
f 386/466/513 387/469/516 68/78/518
f 387/469/516 144/468/515 593/470/517
f 684/465/512 384/168/184 386/466/513
f 72/85/98 73/89/102 215/251/520
f 217/256/275 208/239/260 219/254/276
f 390/472/522 391/476/527 388/473/523
f 388/473/523 391/476/527 389/911/984
f 91/109/120 390/472/522 613/258/525
f 92/475/526 392/477/528 391/476/527
f 392/477/528 395/480/531 393/478/529
f 92/475/526 93/941/890 396/481/532
f 392/477/528 396/481/532 394/479/530
f 81/95/107 82/94/106 274/327/1080
f 274/327/1056 82/94/1081 371/457/502
f 82/94/109 372/455/500 371/457/502
f 82/94/109 84/96/108 372/455/500
f 273/324/350 397/482/533 274/327/353
f 689/483/923 398/66/77 399/484/538
f 260/309/332 57/64/74 689/483/535
f 399/484/536 403/99/112 400/485/537
f 397/482/533 400/485/537 81/95/107
f 398/66/77 58/65/76 401/98/111
f 401/98/115 402/486/540 404/100/113
f 58/65/539 561/938/748 402/486/540
f 405/490/1082 86/104/1082 406/110/1082
f 406/110/1083 89/107/1083 221/257/1083
f 89/107/121 91/109/120 221/257/541
f 406/110/1084 221/257/1084 220/259/1084
f 405/490/1085 406/110/1085 222/260/1085
f 407/530/845 412/487/543 408/489/545
f 408/489/545 410/488/1086 409/493/1087
f 409/493/1088 411/105/1088 618/491/1088
f 618/491/1089 405/490/1089 222/260/1089
f 413/494/1090 414/492/1090 412/487/1090
f 410/488/1091 87/103/1091 411/105/1091
f 482/963/904 670/496/554 413/494/555
f 417/116/128 418/498/557 416/964/42
f 416/964/42 418/498/557 34/840/45
f 746/965/985 416/964/42 33/966/41
f 746/965/985 417/116/128 416/964/42
f 95/112/124 98/115/127 419/499/558
f 120/505/564 421/504/563 420/500/559
f 119/140/153 424/506/565 421/504/563
f 427/510/569 426/508/567 429/511/954
f 129/514/574 434/507/566 425/509/568
f 434/507/566 725/876/955 426/508/567
f 725/876/955 429/511/954 426/508/567
f 125/148/572 427/510/569 428/512/571
f 125/148/572 425/509/568 427/510/569
f 431/919/989 433/918/988 432/967/1092
f 430/968/1093 609/747/816 432/967/1092
f 430/968/1093 432/967/1092 129/514/1029
f 431/919/989 432/967/1092 609/747/816
f 433/918/988 434/507/566 432/967/1092
f 129/514/1029 432/967/1092 434/507/566
f 28/34/37 26/28/133 100/519/131
f 225/265/287 439/531/1094 438/521/144
f 439/531/1094 446/525/1095 438/521/144
f 224/262/284 439/531/1094 225/265/287
f 444/528/1096 443/527/1096 445/529/1096
f 445/529/1097 446/525/1095 439/531/1094
f 449/538/595 450/969/614 448/532/591
f 448/532/591 451/535/593 447/132/145
f 448/532/591 450/969/614 452/534/592
f 453/536/594 448/532/591 443/533/584
f 452/534/592 109/127/139 108/124/1026
f 451/535/593 107/126/138 447/132/145
f 234/274/297 454/539/596 236/275/298
f 237/279/302 115/135/148 329/137/150
f 182/211/231 456/541/600 638/540/599
f 182/211/231 180/208/228 457/213/233
f 50/546/561 458/544/602 420/545/559
f 459/542/601 117/549/151 120/543/564
f 363/547/1078 460/552/607 461/548/604
f 363/547/603 461/548/604 459/542/601
f 460/552/607 463/551/608 461/548/604
f 364/444/486 363/547/1078 458/544/602
f 463/551/608 464/970/676 118/553/152
f 461/548/604 463/551/608 117/549/151
f 463/551/608 700/844/677 464/970/676
f 467/555/610 468/153/169 469/971/681
f 465/554/609 466/561/613 124/147/160
f 469/971/681 468/153/169 130/152/168
f 112/557/140 467/555/610 469/971/681
f 109/556/139 465/554/609 467/555/610
f 470/559/611 471/151/166 466/561/613
f 616/563/615 473/748/817 472/560/612
f 450/562/614 466/561/613 465/554/609
f 452/558/592 450/562/614 465/554/609
f 473/748/817 609/747/816 430/968/1093
f 472/560/612 473/748/817 430/968/1093
f 472/560/612 430/968/1093 122/150/164
f 471/151/166 472/560/612 122/150/164
f 122/150/164 430/968/1093 129/514/1029
f 474/335/361 475/162/1098 277/334/360
f 474/335/1099 134/160/1099 475/162/1099
f 475/162/1100 138/161/1100 278/565/1100
f 476/442/621 477/569/620 479/570/1101
f 476/442/1102 480/567/624 478/568/1103
f 476/442/1102 479/570/622 480/567/624
f 480/567/1104 132/566/1104 474/335/1104
f 482/768/904 481/571/843 477/569/620
f 481/571/843 133/154/170 483/156/172
f 477/569/620 483/156/1105 479/570/1101
f 486/223/244 139/165/181 695/972/1106
f 139/165/181 142/164/180 695/972/1106
f 695/972/1106 142/164/180 696/467/514
f 485/224/245 486/223/244 484/667/728
f 549/665/372 484/667/728 285/848/369
f 189/220/240 141/166/182 140/163/179
f 97/114/126 488/574/187 693/576/629
f 97/114/126 489/577/630 99/841/919
f 490/142/155 519/578/154 491/580/632
f 491/580/632 164/579/631 728/922/633
f 490/142/155 491/580/632 492/920/959
f 164/581/631 163/190/208 493/582/381
f 503/585/647 496/374/1058 170/378/214
f 495/586/636 497/596/646 730/950/1059
f 428/587/571 727/594/1107 500/590/638
f 498/588/1108 500/590/642 502/592/644
f 501/591/1109 498/588/1109 503/585/1109
f 500/590/1110 727/594/956 750/595/990
f 502/592/1111 750/595/990 751/973/960
f 502/592/1112 751/973/1113 497/596/646
f 116/134/147 505/136/149 105/123/648
f 504/176/192 105/123/648 506/597/650
f 104/120/1114 504/176/652 749/598/651
f 508/600/655 305/384/409 507/601/664
f 507/601/664 305/384/409 242/602/657
f 510/604/659 512/607/662 511/605/660
f 441/611/581 110/609/143 509/606/661
f 511/605/660 513/608/663 514/284/307
f 509/606/661 511/605/660 646/610/667
f 113/614/142 516/615/669 512/607/662
f 516/615/669 517/616/670 512/607/662
f 517/616/672 154/180/198 508/600/655
f 517/616/672 155/186/1036 154/180/198
f 111/618/141 113/614/142 510/604/659
f 118/624/152 160/189/207 519/945/154
f 118/624/152 520/623/678 160/189/207
f 521/620/675 522/418/451 464/621/676
f 522/418/451 160/189/207 520/623/678
f 159/184/202 348/626/680 157/185/203
f 524/628/682 526/630/684 525/629/683
f 525/629/687 527/625/679 159/184/202
f 526/630/684 528/195/213 527/625/679
f 469/627/681 130/634/168 524/628/682
f 130/634/168 529/631/1115 524/628/682
f 529/631/1116 530/632/1116 526/630/1116
f 523/619/673 525/629/683 518/617/674
f 112/612/140 469/627/681 523/619/673
f 127/635/1117 532/637/1117 529/631/1117
f 531/636/1118 533/197/1118 532/637/1118
f 532/637/1119 165/193/1119 530/632/1119
f 126/974/157 127/635/1030 128/633/159
f 531/636/695 499/638/573 501/639/639
f 501/639/639 170/196/214 533/197/696
f 533/197/1120 166/191/209 165/193/211
f 281/337/363 177/206/226 366/448/491
f 703/640/698 278/642/617 534/641/699
f 278/642/617 138/644/1121 534/641/699
f 534/641/699 538/645/706 535/200/219
f 136/648/174 537/975/866 536/647/702
f 537/975/866 540/649/705 536/647/702
f 138/644/177 536/647/702 538/645/700
f 539/203/1122 540/649/1123 541/650/1124
f 244/287/310 181/209/229 245/290/313
f 543/652/1039 178/207/1041 244/287/1125
f 545/654/1126 547/662/1126 655/655/1126
f 23/386/28 545/654/721 201/233/254
f 22/659/27 548/660/722 545/654/721
f 22/659/27 9/661/6 548/660/722
f 547/662/723 543/657/724 655/655/1127
f 708/666/727 549/665/372 284/976/368
f 190/221/241 485/224/245 549/665/372
f 265/668/1128 551/671/1128 550/669/1128
f 265/668/341 552/673/732 551/671/730
f 551/671/730 190/221/241 553/664/726
f 65/77/731 554/675/734 552/677/732
f 66/674/733 555/678/737 554/675/734
f 552/677/732 183/676/236 190/682/241
f 555/678/739 185/681/234 183/676/236
f 64/76/1022 556/679/738 66/674/733
f 556/679/738 557/680/1129 555/678/737
f 59/691/79 566/684/757 558/686/1130
f 56/692/1131 558/686/742 561/688/745
f 567/690/759 193/227/743 559/685/741
f 197/231/252 198/230/251 562/689/747
f 563/694/753 641/697/756 564/696/755
f 369/695/494 563/694/753 566/684/757
f 565/286/1132 567/690/1132 564/696/1132
f 565/286/309 568/229/249 567/690/749
f 175/693/752 639/783/858 563/694/753
f 241/283/306 565/286/1133 641/697/856
f 239/282/305 568/229/249 565/286/309
f 242/602/657 192/228/247 568/229/249
f 305/384/409 569/383/408 192/228/247
f 569/383/408 194/225/406 192/228/247
f 569/383/408 306/382/407 194/225/406
f 571/699/761 754/705/767 572/701/763
f 62/700/762 571/699/761 573/702/769
f 573/702/764 572/701/763 574/703/765
f 754/705/767 734/887/994 199/234/255
f 572/701/763 199/234/255 202/235/256
f 64/707/880 573/702/764 575/706/768
f 380/711/507 576/708/771 578/710/773
f 576/708/771 577/250/270 579/709/772
f 381/712/774 578/710/773 752/714/776
f 580/713/1134 579/709/780 581/720/782
f 582/717/778 213/394/422 321/395/424
f 579/709/772 582/717/778 583/718/779
f 583/718/1135 321/395/1135 584/719/1135
f 579/709/772 583/718/779 584/719/1136
f 577/250/270 211/246/266 582/717/778
f 584/719/1137 315/389/1137 318/391/1137
f 586/724/1138 587/723/1138 204/728/1138
f 204/728/1139 589/725/1139 586/724/1139
f 204/728/263 588/977/103 589/725/101
f 68/733/91 585/722/792 586/724/786
f 590/729/788 592/735/798 591/730/789
f 144/978/515 590/729/788 593/732/517
f 593/732/791 590/729/788 594/731/790
f 144/978/515 634/979/1140 590/729/788
f 596/734/797 328/408/440 597/411/443
f 591/730/789 596/734/797 597/411/443
f 597/411/443 205/961/262 595/727/264
f 592/735/798 235/280/303 596/734/797
f 597/411/443 333/410/442 205/961/262
f 85/736/1141 598/738/802 600/247/267
f 599/715/777 600/247/267 576/708/771
f 601/737/804 602/739/803 598/738/802
f 85/736/116 599/715/777 83/716/110
f 402/740/540 562/689/747 601/737/800
f 562/689/747 198/230/251 602/739/803
f 601/737/800 85/736/116 404/742/113
f 603/741/806 604/437/478 605/946/1047
f 195/226/807 17/18/476 604/437/478
f 603/741/806 605/946/1047 209/245/265
f 435/517/577 607/743/808 606/745/810
f 607/743/808 738/471/521 214/253/1049
f 607/743/1142 214/253/1142 608/744/1142
f 606/745/1143 608/744/1143 29/33/1143
f 29/33/38 218/255/278 327/35/39
f 612/746/815 610/474/524 609/747/816
f 610/474/524 611/749/818 609/747/816
f 388/473/523 389/911/984 611/749/818
f 617/261/822 613/258/525 612/746/815
f 453/752/594 614/751/820 449/564/595
f 442/526/583 615/750/827 453/752/594
f 617/261/822 612/746/815 473/748/817
f 449/564/595 616/563/615 470/559/611
f 615/750/819 407/530/845 408/489/545
f 408/489/545 409/493/1087 614/751/820
f 614/751/821 618/491/824 617/261/822
f 619/755/1144 621/754/1145 620/759/1146
f 232/753/1147 226/756/1147 621/754/1147
f 621/754/1148 624/760/1148 623/758/1148
f 627/762/842 232/753/1149 619/755/834
f 622/757/1150 230/980/1150 624/760/1150
f 620/759/1151 623/758/1151 537/763/1151
f 619/755/1144 620/759/1146 135/157/1152
f 626/767/839 619/755/834 133/154/170
f 413/766/1153 625/765/1153 482/768/1153
f 415/764/553 628/981/846 627/762/841
f 628/981/846 630/761/1154 627/762/841
f 482/768/904 626/767/839 481/571/843
f 407/530/1155 629/769/1155 628/770/1155
f 628/770/1156 629/769/1156 630/773/1156
f 629/769/1157 444/528/1157 631/772/1157
f 630/773/1158 631/772/1158 223/264/1158
f 631/772/1159 445/529/1159 224/262/1159
f 632/774/852 592/735/798 634/979/1140
f 636/278/301 233/276/299 633/281/304
f 634/979/1140 592/735/798 590/729/788
f 143/776/183 634/979/1140 144/978/1034
f 143/776/183 632/774/852 634/979/1140
f 649/780/854 635/775/851 191/778/627
f 650/779/853 636/278/301 635/775/851
f 191/778/627 632/774/852 141/777/182
f 455/212/232 638/540/599 637/277/300
f 246/291/314 637/277/300 650/779/853
f 638/540/599 234/274/297 637/277/300
f 643/782/1160 641/697/1161 639/783/1162
f 640/781/855 241/283/306 641/697/856
f 230/790/1163 644/789/1164 642/786/1165
f 642/786/1166 643/782/1166 540/787/1166
f 540/787/1123 643/782/1160 541/784/1124
f 624/791/1167 642/786/1167 623/788/1167
f 643/782/1160 639/783/1162 541/784/1124
f 230/790/1163 645/793/1168 644/789/1164
f 645/793/1168 238/285/308 644/789/1164
f 646/610/666 514/284/307 645/793/867
f 645/793/1168 514/284/307 238/285/308
f 231/794/1051 646/610/1169 230/790/294
f 513/608/663 240/603/658 514/284/307
f 644/789/863 238/285/308 640/781/855
f 651/795/1170 648/288/1170 647/796/1170
f 647/796/1171 650/779/853 649/780/854
f 651/795/1172 647/796/1172 557/797/1172
f 648/288/311 246/291/314 650/779/853
f 557/797/242 649/780/1173 187/798/243
f 575/799/768 574/802/765 652/800/1174
f 574/802/876 202/806/884 653/803/877
f 652/800/878 653/803/877 656/809/886
f 654/801/875 652/800/874 651/795/1175
f 652/800/878 656/809/886 243/289/312
f 556/805/881 575/799/768 654/801/882
f 653/803/877 546/807/717 655/982/716
f 653/803/877 655/982/716 656/809/886
f 656/809/886 655/982/716 247/653/720
f 78/983/99 658/299/321 657/810/888
f 657/810/889 248/294/317 659/296/318
f 77/984/100 657/810/888 71/81/94
f 657/810/889 659/296/318 70/82/95
f 70/82/95 659/296/318 383/320/510
f 78/983/99 657/810/888 77/984/100
f 396/813/532 660/812/891 663/815/893
f 660/812/891 662/814/892 663/815/893
f 663/815/893 662/814/892 664/821/898
f 661/305/327 334/304/326 665/818/895
f 666/823/901 668/822/1176 88/824/902
f 666/823/901 667/302/1177 668/822/1176
f 673/830/905 667/302/324 666/823/901
f 668/822/900 669/303/325 661/305/327
f 93/811/890 668/822/900 660/812/891
f 90/985/119 668/822/1176 93/811/890
f 88/824/902 668/822/1176 90/985/119
f 672/827/556 671/826/903 673/830/905
f 672/827/556 673/830/905 666/823/901
f 477/569/620 671/826/903 670/828/554
f 672/827/556 666/823/901 87/825/550
f 671/826/903 359/440/1178 673/830/905
f 674/832/907 677/831/910 675/310/920
f 677/831/910 257/306/328 259/308/330
f 342/833/453 674/832/907 675/310/920
f 340/419/452 698/835/909 339/417/450
f 699/341/367 280/340/366 676/834/908
f 3/2/2 678/315/339 679/931/997
f 679/931/997 264/314/1179 268/4/4
f 678/315/339 264/314/338 679/931/997
f 680/329/355 681/836/912 292/360/382
f 371/457/502 373/456/501 275/328/354
f 373/456/501 376/452/497 262/313/337
f 275/328/354 262/313/337 682/837/913
f 419/499/558 270/319/915 683/839/916
f 683/839/916 271/321/346 252/295/46
f 418/498/557 683/839/916 34/840/45
f 99/841/919 684/465/512 685/838/914
f 98/115/127 99/841/919 685/838/914
f 687/842/454 686/330/356 35/44/50
f 399/484/1180 273/324/350 688/326/352
f 279/333/359 690/843/925 462/550/605
f 279/333/359 276/332/358 690/843/925
f 462/550/605 690/843/925 463/551/606
f 691/845/926 279/333/359 462/550/605
f 360/439/1079 691/845/926 460/552/607
f 360/439/1079 692/331/357 691/845/926
f 360/439/1181 476/442/1181 692/331/1181
f 476/442/1182 478/568/1182 692/331/1182
f 478/568/1183 474/335/361 692/331/357
f 694/846/928 695/972/1106 489/577/630
f 695/972/1106 696/467/514 489/577/630
f 489/577/630 696/467/514 684/465/512
f 697/986/371 693/944/629 146/170/186
f 484/667/728 486/223/244 694/846/928
f 694/846/928 486/223/244 695/972/1106
f 521/620/675 700/622/677 698/835/909
f 700/622/677 702/339/365 699/341/367
f 700/622/677 701/850/929 702/339/365
f 690/851/925 701/850/929 700/622/677
f 276/643/358 703/640/698 701/850/1184
f 701/850/929 703/640/698 704/338/364
f 704/338/364 703/640/698 705/336/362
f 706/351/376 146/853/186 287/350/375
f 708/666/727 283/987/370 706/351/376
f 283/852/370 697/988/371 146/853/186
f 268/989/4 707/854/930 706/351/376
f 268/989/4 706/351/376 4/348/374
f 268/989/4 267/670/342 707/854/930
f 707/854/930 550/669/729 708/666/727
f 550/669/729 553/664/726 708/666/727
f 293/361/383 292/360/382 681/836/912
f 294/363/384 293/361/383 2/1/1
f 2/1/1 681/836/912 3/2/2
f 709/855/931 710/859/936 711/856/932
f 298/367/392 711/856/932 712/857/933
f 709/855/931 732/883/963 710/859/936
f 711/856/1185 5/860/1185 10/858/1185
f 712/857/1186 10/858/1186 325/990/1186
f 297/900/975 709/855/931 298/367/392
f 324/403/433 325/23/11 713/861/944
f 714/862/940 713/861/939 20/863/942
f 300/402/395 712/991/1187 325/23/431
f 713/861/939 19/22/1002 20/863/942
f 317/404/434 324/403/433 714/862/1188
f 337/415/448 336/414/447 33/865/41
f 741/889/969 337/415/448 253/866/319
f 715/867/945 60/73/86 716/453/498
f 378/461/506 715/867/945 375/459/504
f 379/463/508 717/868/946 715/867/945
f 717/868/946 719/939/1020 718/869/947
f 715/867/945 61/71/84 60/73/86
f 393/478/529 395/480/531 720/872/950
f 395/480/531 721/871/949 720/872/950
f 720/872/950 721/871/949 739/874/952
f 395/480/531 394/479/530 722/873/951
f 721/871/949 75/83/96 72/85/98
f 421/992/563 424/993/565 723/994/986
f 424/993/565 94/995/125 723/994/986
f 424/993/565 724/996/628 94/995/125
f 723/994/986 94/995/125 417/997/128
f 437/520/579 102/998/130 727/877/956
f 726/875/953 727/877/956 429/511/954
f 102/998/130 106/999/654 727/877/956
f 748/516/576 726/875/953 725/876/955
f 492/879/959 728/583/633 147/172/958
f 493/582/381 291/1000/379 729/1001/973
f 147/172/188 729/878/973 145/169/185
f 497/1002/646 751/880/1113 730/882/1059
f 731/881/961 151/884/653 732/883/963
f 733/721/1189 318/391/1189 735/886/1189
f 581/720/1190 733/721/1191 734/887/1192
f 734/887/994 735/886/967 200/232/253
f 581/720/1193 584/719/1193 733/721/1193
f 735/886/1194 736/888/979 203/236/257
f 389/911/984 737/910/983 755/927/995
f 737/910/983 739/874/952 738/471/996
f 664/821/898 740/819/896 741/889/969
f 742/890/970 741/889/969 253/866/319
f 376/452/497 263/316/340 262/313/337
f 682/837/913 262/313/337 678/315/339
f 291/896/379 290/893/378 743/895/972
f 729/897/973 743/895/972 286/898/373
f 290/893/378 289/1003/380 294/894/384
f 286/898/373 294/894/384 1/1004/3
f 732/883/963 152/885/965 710/859/936
f 736/904/979 744/901/976 310/903/978
f 318/906/417 316/907/416 744/901/976
f 311/902/977 714/909/982 18/1005/1061
f 740/819/896 337/415/448 741/889/969
f 745/454/499 370/451/496 376/452/497
f 375/459/504 716/453/498 745/454/499
f 391/476/527 720/872/950 737/910/983
f 739/874/952 72/85/98 738/471/996
f 422/914/562 746/913/985 423/864/560
f 421/912/563 723/915/986 746/913/985
f 435/517/577 748/516/576 747/917/987
f 433/918/988 747/917/987 434/507/566
f 747/917/987 725/876/955 434/507/566
f 30/518/578 437/520/579 726/875/953
f 747/917/987 748/516/576 725/876/955
f 490/142/155 492/920/959 424/506/565
f 727/1006/956 106/1007/654 749/924/651
f 727/1006/956 749/924/651 750/923/990
f 750/923/990 749/924/651 731/881/961
f 752/714/776 580/713/775 753/925/992
f 753/925/1195 581/720/1190 734/887/1192
f 381/712/774 752/714/776 717/926/948
f 570/698/760 754/705/767 571/699/761
f 611/749/818 755/927/995 431/919/989
f 435/517/577 431/919/989 607/743/808
f 755/927/995 738/471/521 607/743/808
f 722/928/951 756/817/894 757/891/971
f 663/815/893 664/821/898 756/817/894
f 75/929/96 757/891/971 658/892/321
